Logging Directory: ./logs/logging
Logging Directory: ./logs/logging
Logging Directory: ./logs/logging
╒══════════════════╤═══════════════╕
│ Hyperparameter   │ Value         │
╞══════════════════╪═══════════════╡
│ Learning Rate    │ 0.01          │
├──────────────────┼───────────────┤
│ Num Classes      │ 5             │
├──────────────────┼───────────────┤
│ Device           │ cuda          │
├──────────────────┼───────────────┤
│ Batch Size       │ 64            │
├──────────────────┼───────────────┤
│ POLY_LR          │ True          │
├──────────────────┼───────────────┤
│ Num Epochs       │ 20            │
├──────────────────┼───────────────┤
│ Num Workers      │ 4             │
├──────────────────┼───────────────┤
│ Image Height     │ 224           │
├──────────────────┼───────────────┤
│ Image Width      │ 224           │
├──────────────────┼───────────────┤
│ Pin Memory       │ True          │
├──────────────────┼───────────────┤
│ Load Model       │ True          │
├──────────────────┼───────────────┤
│ Save Model       │ True          │
├──────────────────┼───────────────┤
│ Download Dataset │ False         │
├──────────────────┼───────────────┤
│ Model Name       │ DINOV2        │
├──────────────────┼───────────────┤
│ Seed             │ 42            │
├──────────────────┼───────────────┤
│ Task Name        │ MIT-67        │
├──────────────────┼───────────────┤
│ GPU              │ Tesla T4      │
├──────────────────┼───────────────┤
│ Torch            │ 2.6.0+cu124   │
├──────────────────┼───────────────┤
│ Torchvision      │ 0.21.0+cu124  │
├──────────────────┼───────────────┤
│ Checkpoint Name  │ DINOV2_MIT-67 │
╘══════════════════╧═══════════════╛
Logging Directory: ./logs/logging
╒══════════════════╤═══════════════╕
│ Hyperparameter   │ Value         │
╞══════════════════╪═══════════════╡
│ Learning Rate    │ 0.01          │
├──────────────────┼───────────────┤
│ Num Classes      │ 5             │
├──────────────────┼───────────────┤
│ Device           │ cuda          │
├──────────────────┼───────────────┤
│ Batch Size       │ 64            │
├──────────────────┼───────────────┤
│ POLY_LR          │ True          │
├──────────────────┼───────────────┤
│ Num Epochs       │ 20            │
├──────────────────┼───────────────┤
│ Num Workers      │ 4             │
├──────────────────┼───────────────┤
│ Image Height     │ 224           │
├──────────────────┼───────────────┤
│ Image Width      │ 224           │
├──────────────────┼───────────────┤
│ Pin Memory       │ True          │
├──────────────────┼───────────────┤
│ Load Model       │ True          │
├──────────────────┼───────────────┤
│ Save Model       │ True          │
├──────────────────┼───────────────┤
│ Download Dataset │ False         │
├──────────────────┼───────────────┤
│ Model Name       │ DINOV2        │
├──────────────────┼───────────────┤
│ Seed             │ 42            │
├──────────────────┼───────────────┤
│ Task Name        │ MIT-67        │
├──────────────────┼───────────────┤
│ GPU              │ Tesla T4      │
├──────────────────┼───────────────┤
│ Torch            │ 2.6.0+cu124   │
├──────────────────┼───────────────┤
│ Torchvision      │ 0.21.0+cu124  │
├──────────────────┼───────────────┤
│ Checkpoint Name  │ DINOV2_MIT-67 │
╘══════════════════╧═══════════════╛
Logging Directory: ./logs/logging
╒══════════════════╤═══════════════╕
│ Hyperparameter   │ Value         │
╞══════════════════╪═══════════════╡
│ Learning Rate    │ 0.01          │
├──────────────────┼───────────────┤
│ Num Classes      │ 5             │
├──────────────────┼───────────────┤
│ Device           │ cuda          │
├──────────────────┼───────────────┤
│ Batch Size       │ 64            │
├──────────────────┼───────────────┤
│ POLY_LR          │ True          │
├──────────────────┼───────────────┤
│ Num Epochs       │ 20            │
├──────────────────┼───────────────┤
│ Num Workers      │ 4             │
├──────────────────┼───────────────┤
│ Image Height     │ 224           │
├──────────────────┼───────────────┤
│ Image Width      │ 224           │
├──────────────────┼───────────────┤
│ Pin Memory       │ True          │
├──────────────────┼───────────────┤
│ Load Model       │ True          │
├──────────────────┼───────────────┤
│ Save Model       │ True          │
├──────────────────┼───────────────┤
│ Download Dataset │ False         │
├──────────────────┼───────────────┤
│ Model Name       │ DINOV2        │
├──────────────────┼───────────────┤
│ Seed             │ 42            │
├──────────────────┼───────────────┤
│ Task Name        │ MIT-67        │
├──────────────────┼───────────────┤
│ GPU              │ Tesla T4      │
├──────────────────┼───────────────┤
│ Torch            │ 2.6.0+cu124   │
├──────────────────┼───────────────┤
│ Torchvision      │ 0.21.0+cu124  │
├──────────────────┼───────────────┤
│ Checkpoint Name  │ DINOV2_MIT-67 │
╘══════════════════╧═══════════════╛
using MLP layer as FFN
╒═════════════════╤═══════════════╤══════════╕
│ Builded Model   │ #Parameters   │ Device   │
╞═════════════════╪═══════════════╪══════════╡
│ DINOV2          │ 0.00 M        │ cuda     │
╘═════════════════╧═══════════════╧══════════╛
Loading Checkpoint...
No Such file : /content/drive/MyDrive/checkpoint/DINOV2_MIT-67_best.pth


**************************************************
Training Phase
**************************************************
Epoch: 1 ---> Train , Loss = 0.8117, Accuracy = 68.30 , lr = 0.009548853816214998
Epoch: 2 ---> Train , Loss = 0.0982, Accuracy = 95.72 , lr = 0.009095325760829621
Epoch: 3 ---> Train , Loss = 0.0879, Accuracy = 96.99 , lr = 0.008639269723028187
Epoch: 4 ---> Train , Loss = 0.1048, Accuracy = 96.50 , lr = 0.008180521460508582
Epoch: 5 ---> Train , Loss = 0.1184, Accuracy = 95.47 , lr = 0.007718895067235706
Epoch: 6 ---> Train , Loss = 0.1149, Accuracy = 95.97 , lr = 0.007254178469372202
Epoch: 7 ---> Train , Loss = 0.1197, Accuracy = 95.72 , lr = 0.0067861275925812535
Epoch: 8 ---> Train , Loss = 0.0725, Accuracy = 97.48 , lr = 0.006314458674893555
Epoch: 9 ---> Train , Loss = 0.1428, Accuracy = 95.25 , lr = 0.005838837929199806
Epoch: 10 ---> Train , Loss = 0.0990, Accuracy = 97.73 , lr = 0.005358867312681469
Epoch: 11 ---> Train , Loss = 0.1056, Accuracy = 96.48 , lr = 0.004874064391789956
Epoch: 12 ---> Train , Loss = 0.0786, Accuracy = 96.73 , lr = 0.004383832905540872
Epoch: 13 ---> Train , Loss = 0.1102, Accuracy = 96.49 , lr = 0.003887417987987637
Epoch: 14 ---> Train , Loss = 0.0971, Accuracy = 95.99 , lr = 0.0033838346190165004
Epoch: 15 ---> Train , Loss = 0.0785, Accuracy = 96.72 , lr = 0.002871745887492589
Epoch: 16 ---> Train , Loss = 0.0832, Accuracy = 97.74 , lr = 0.002349237886176039
Epoch: 17 ---> Train , Loss = 0.0989, Accuracy = 97.24 , lr = 0.0018133520731367467
Epoch: 18 ---> Train , Loss = 0.0920, Accuracy = 96.73 , lr = 0.001258925411794168
Epoch: 19 ---> Train , Loss = 0.0802, Accuracy = 97.24 , lr = 0.0006746414238367827
Epoch: 20 ---> Train , Loss = 0.0701, Accuracy = 96.98 , lr = 0.0
**************************************************
Best Acc Over Validation Set: 97.74
Best Epoch: 16
**************************************************
Inference Phase
**************************************************
Final Test ---> Loss = 0.0209 , Accuracy = 99.05
**************************************************


Logging Directory: ./logs/logging
Logging Directory: ./logs/logging
╒══════════════════╤═══════════════╕
│ Hyperparameter   │ Value         │
╞══════════════════╪═══════════════╡
│ Learning Rate    │ 0.01          │
├──────────────────┼───────────────┤
│ Num Classes      │ 12            │
├──────────────────┼───────────────┤
│ Device           │ cuda          │
├──────────────────┼───────────────┤
│ Batch Size       │ 64            │
├──────────────────┼───────────────┤
│ POLY_LR          │ True          │
├──────────────────┼───────────────┤
│ Num Epochs       │ 20            │
├──────────────────┼───────────────┤
│ Num Workers      │ 4             │
├──────────────────┼───────────────┤
│ Image Height     │ 224           │
├──────────────────┼───────────────┤
│ Image Width      │ 224           │
├──────────────────┼───────────────┤
│ Pin Memory       │ True          │
├──────────────────┼───────────────┤
│ Load Model       │ True          │
├──────────────────┼───────────────┤
│ Save Model       │ True          │
├──────────────────┼───────────────┤
│ Download Dataset │ False         │
├──────────────────┼───────────────┤
│ Model Name       │ DINOV2        │
├──────────────────┼───────────────┤
│ Seed             │ 42            │
├──────────────────┼───────────────┤
│ Task Name        │ MIT-67        │
├──────────────────┼───────────────┤
│ GPU              │ Tesla T4      │
├──────────────────┼───────────────┤
│ Torch            │ 2.6.0+cu124   │
├──────────────────┼───────────────┤
│ Torchvision      │ 0.21.0+cu124  │
├──────────────────┼───────────────┤
│ Checkpoint Name  │ DINOV2_MIT-67 │
╘══════════════════╧═══════════════╛
using MLP layer as FFN
╒═════════════════╤═══════════════╤══════════╕
│ Builded Model   │ #Parameters   │ Device   │
╞═════════════════╪═══════════════╪══════════╡
│ DINOV2          │ 0.01 M        │ cuda     │
╘═════════════════╧═══════════════╧══════════╛
Loading Checkpoint...
No Such file : /content/drive/MyDrive/checkpoint/DINOV2_MIT-67_best.pth


**************************************************
Training Phase
**************************************************
Epoch: 1 ---> Train , Loss = 1.4413, Accuracy = 52.71 , lr = 0.009548853816214998
Epoch: 2 ---> Train , Loss = 0.4815, Accuracy = 83.88 , lr = 0.009095325760829623
Epoch: 3 ---> Train , Loss = 0.4220, Accuracy = 85.68 , lr = 0.008639269723028193
Epoch: 4 ---> Train , Loss = 0.3758, Accuracy = 87.37 , lr = 0.008180521460508584
Epoch: 5 ---> Train , Loss = 0.2973, Accuracy = 90.70 , lr = 0.007718895067235705
Epoch: 6 ---> Train , Loss = 0.3249, Accuracy = 89.26 , lr = 0.0072541784693721965
Epoch: 7 ---> Train , Loss = 0.3360, Accuracy = 88.30 , lr = 0.0067861275925812465
Epoch: 8 ---> Train , Loss = 0.2772, Accuracy = 90.80 , lr = 0.0063144586748935475
Epoch: 9 ---> Train , Loss = 0.2836, Accuracy = 90.68 , lr = 0.005838837929199797
Epoch: 10 ---> Train , Loss = 0.2795, Accuracy = 91.01 , lr = 0.005358867312681461
Epoch: 11 ---> Train , Loss = 0.2791, Accuracy = 90.39 , lr = 0.00487406439178995
Epoch: 12 ---> Train , Loss = 0.2720, Accuracy = 90.08 , lr = 0.004383832905540869
Epoch: 13 ---> Train , Loss = 0.2741, Accuracy = 91.03 , lr = 0.0038874179879876333
Epoch: 14 ---> Train , Loss = 0.2558, Accuracy = 92.59 , lr = 0.0033838346190164983
Epoch: 15 ---> Train , Loss = 0.2608, Accuracy = 90.92 , lr = 0.002871745887492587
Epoch: 16 ---> Train , Loss = 0.2487, Accuracy = 91.86 , lr = 0.002349237886176037
Epoch: 17 ---> Train , Loss = 0.2775, Accuracy = 91.43 , lr = 0.0018133520731367454
Epoch: 18 ---> Train , Loss = 0.2509, Accuracy = 91.95 , lr = 0.001258925411794167
Epoch: 19 ---> Train , Loss = 0.2434, Accuracy = 92.17 , lr = 0.0006746414238367821
Epoch: 20 ---> Train , Loss = 0.2437, Accuracy = 92.08 , lr = 0.0
**************************************************
Best Acc Over Validation Set: 92.59
Best Epoch: 14
**************************************************
Inference Phase
**************************************************
Final Test ---> Loss = 0.2403 , Accuracy = 92.03
**************************************************


Logging Directory: ./logs/logging
╒══════════════════╤═══════════════╕
│ Hyperparameter   │ Value         │
╞══════════════════╪═══════════════╡
│ Learning Rate    │ 0.01          │
├──────────────────┼───────────────┤
│ Num Classes      │ 12            │
├──────────────────┼───────────────┤
│ Device           │ cuda          │
├──────────────────┼───────────────┤
│ Batch Size       │ 64            │
├──────────────────┼───────────────┤
│ POLY_LR          │ True          │
├──────────────────┼───────────────┤
│ Num Epochs       │ 20            │
├──────────────────┼───────────────┤
│ Num Workers      │ 4             │
├──────────────────┼───────────────┤
│ Image Height     │ 224           │
├──────────────────┼───────────────┤
│ Image Width      │ 224           │
├──────────────────┼───────────────┤
│ Pin Memory       │ True          │
├──────────────────┼───────────────┤
│ Load Model       │ True          │
├──────────────────┼───────────────┤
│ Save Model       │ True          │
├──────────────────┼───────────────┤
│ Download Dataset │ False         │
├──────────────────┼───────────────┤
│ Model Name       │ DINOV2        │
├──────────────────┼───────────────┤
│ Seed             │ 42            │
├──────────────────┼───────────────┤
│ Task Name        │ MIT-67        │
├──────────────────┼───────────────┤
│ GPU              │ Tesla T4      │
├──────────────────┼───────────────┤
│ Torch            │ 2.6.0+cu124   │
├──────────────────┼───────────────┤
│ Torchvision      │ 0.21.0+cu124  │
├──────────────────┼───────────────┤
│ Checkpoint Name  │ DINOV2_MIT-67 │
╘══════════════════╧═══════════════╛
using MLP layer as FFN
╒═════════════════╤═══════════════╤══════════╕
│ Builded Model   │ #Parameters   │ Device   │
╞═════════════════╪═══════════════╪══════════╡
│ DINOV2          │ 0.01 M        │ cuda     │
╘═════════════════╧═══════════════╧══════════╛
Loading Checkpoint...
No Such file : /content/drive/MyDrive/checkpoint/DINOV2_MIT-67_best.pth


**************************************************
Training Phase
**************************************************
Epoch: 1 ---> Train , Loss = 1.3492, Accuracy = 55.21 , lr = 0.009548853816214998
Epoch: 2 ---> Train , Loss = 0.4020, Accuracy = 86.56 , lr = 0.009095325760829623
Epoch: 3 ---> Train , Loss = 0.3547, Accuracy = 88.44 , lr = 0.008639269723028193
Epoch: 4 ---> Train , Loss = 0.2725, Accuracy = 90.10 , lr = 0.008180521460508584
Epoch: 5 ---> Train , Loss = 0.2571, Accuracy = 91.35 , lr = 0.007718895067235705
Epoch: 6 ---> Train , Loss = 0.2599, Accuracy = 90.62 , lr = 0.0072541784693721965
Epoch: 7 ---> Train , Loss = 0.1985, Accuracy = 93.75 , lr = 0.0067861275925812465
Epoch: 8 ---> Train , Loss = 0.2324, Accuracy = 91.98 , lr = 0.0063144586748935475
Epoch: 9 ---> Train , Loss = 0.2250, Accuracy = 93.12 , lr = 0.005838837929199797
Epoch: 10 ---> Train , Loss = 0.1923, Accuracy = 93.65 , lr = 0.005358867312681461
Epoch: 11 ---> Train , Loss = 0.1817, Accuracy = 93.23 , lr = 0.00487406439178995
Epoch: 12 ---> Train , Loss = 0.2043, Accuracy = 93.54 , lr = 0.004383832905540869
Epoch: 13 ---> Train , Loss = 0.1794, Accuracy = 93.33 , lr = 0.0038874179879876333
Epoch: 14 ---> Train , Loss = 0.1796, Accuracy = 93.65 , lr = 0.0033838346190164983
Epoch: 15 ---> Train , Loss = 0.1645, Accuracy = 94.06 , lr = 0.002871745887492587
Epoch: 16 ---> Train , Loss = 0.1798, Accuracy = 92.92 , lr = 0.002349237886176037
Epoch: 17 ---> Train , Loss = 0.1934, Accuracy = 92.50 , lr = 0.0018133520731367454
Epoch: 18 ---> Train , Loss = 0.1449, Accuracy = 95.31 , lr = 0.001258925411794167
Epoch: 19 ---> Train , Loss = 0.2140, Accuracy = 93.54 , lr = 0.0006746414238367821
Epoch: 20 ---> Train , Loss = 0.1643, Accuracy = 93.96 , lr = 0.0
**************************************************
Best Acc Over Validation Set: 95.31
Best Epoch: 18
**************************************************
Inference Phase
**************************************************
Final Test ---> Loss = 0.5325 , Accuracy = 81.86
**************************************************


Logging Directory: ./logs/logging
╒══════════════════╤═══════════════╕
│ Hyperparameter   │ Value         │
╞══════════════════╪═══════════════╡
│ Learning Rate    │ 0.01          │
├──────────────────┼───────────────┤
│ Num Classes      │ 12            │
├──────────────────┼───────────────┤
│ Device           │ cuda          │
├──────────────────┼───────────────┤
│ Batch Size       │ 64            │
├──────────────────┼───────────────┤
│ POLY_LR          │ True          │
├──────────────────┼───────────────┤
│ Num Epochs       │ 20            │
├──────────────────┼───────────────┤
│ Num Workers      │ 4             │
├──────────────────┼───────────────┤
│ Image Height     │ 224           │
├──────────────────┼───────────────┤
│ Image Width      │ 224           │
├──────────────────┼───────────────┤
│ Pin Memory       │ True          │
├──────────────────┼───────────────┤
│ Load Model       │ True          │
├──────────────────┼───────────────┤
│ Save Model       │ True          │
├──────────────────┼───────────────┤
│ Download Dataset │ False         │
├──────────────────┼───────────────┤
│ Model Name       │ DINOV2        │
├──────────────────┼───────────────┤
│ Seed             │ 42            │
├──────────────────┼───────────────┤
│ Task Name        │ MIT-67        │
├──────────────────┼───────────────┤
│ GPU              │ Tesla T4      │
├──────────────────┼───────────────┤
│ Torch            │ 2.6.0+cu124   │
├──────────────────┼───────────────┤
│ Torchvision      │ 0.21.0+cu124  │
├──────────────────┼───────────────┤
│ Checkpoint Name  │ DINOV2_MIT-67 │
╘══════════════════╧═══════════════╛
using MLP layer as FFN
╒═════════════════╤═══════════════╤══════════╕
│ Builded Model   │ #Parameters   │ Device   │
╞═════════════════╪═══════════════╪══════════╡
│ DINOV2          │ 0.01 M        │ cuda     │
╘═════════════════╧═══════════════╧══════════╛
Loading Checkpoint...


**************************************************
Best Acc Over Validation Set: 95.31
Best Epoch: 18
**************************************************
Inference Phase
**************************************************
Logging Directory: ./logs/logging
╒══════════════════╤═══════════════╕
│ Hyperparameter   │ Value         │
╞══════════════════╪═══════════════╡
│ Learning Rate    │ 0.01          │
├──────────────────┼───────────────┤
│ Num Classes      │ 12            │
├──────────────────┼───────────────┤
│ Device           │ cuda          │
├──────────────────┼───────────────┤
│ Batch Size       │ 64            │
├──────────────────┼───────────────┤
│ POLY_LR          │ True          │
├──────────────────┼───────────────┤
│ Num Epochs       │ 20            │
├──────────────────┼───────────────┤
│ Num Workers      │ 4             │
├──────────────────┼───────────────┤
│ Image Height     │ 224           │
├──────────────────┼───────────────┤
│ Image Width      │ 224           │
├──────────────────┼───────────────┤
│ Pin Memory       │ True          │
├──────────────────┼───────────────┤
│ Load Model       │ True          │
├──────────────────┼───────────────┤
│ Save Model       │ True          │
├──────────────────┼───────────────┤
│ Download Dataset │ False         │
├──────────────────┼───────────────┤
│ Model Name       │ DINOV2        │
├──────────────────┼───────────────┤
│ Seed             │ 42            │
├──────────────────┼───────────────┤
│ Task Name        │ MIT-67        │
├──────────────────┼───────────────┤
│ GPU              │ Tesla T4      │
├──────────────────┼───────────────┤
│ Torch            │ 2.6.0+cu124   │
├──────────────────┼───────────────┤
│ Torchvision      │ 0.21.0+cu124  │
├──────────────────┼───────────────┤
│ Checkpoint Name  │ DINOV2_MIT-67 │
╘══════════════════╧═══════════════╛
using MLP layer as FFN
╒═════════════════╤═══════════════╤══════════╕
│ Builded Model   │ #Parameters   │ Device   │
╞═════════════════╪═══════════════╪══════════╡
│ DINOV2          │ 0.01 M        │ cuda     │
╘═════════════════╧═══════════════╧══════════╛
Loading Checkpoint...


**************************************************
Best Acc Over Validation Set: 95.31
Best Epoch: 18
**************************************************
Inference Phase
**************************************************
Final Test ---> Loss = 0.5325 , Macro Accuracy = 81.86
Per-class accuracies:
  Class 0: 84.21%
  Class 1: 45.00%
  Class 2: 88.89%
  Class 3: 57.89%
  Class 4: 100.00%
  Class 5: 80.95%
  Class 6: 86.36%
  Class 7: 90.48%
  Class 8: 100.00%
  Class 9: 89.47%
  Class 10: 86.36%
  Class 11: 72.73%
**************************************************


Logging Directory: ./logs/logging
╒══════════════════╤═══════════════╕
│ Hyperparameter   │ Value         │
╞══════════════════╪═══════════════╡
│ Learning Rate    │ 0.01          │
├──────────────────┼───────────────┤
│ Num Classes      │ 12            │
├──────────────────┼───────────────┤
│ Device           │ cuda          │
├──────────────────┼───────────────┤
│ Batch Size       │ 64            │
├──────────────────┼───────────────┤
│ POLY_LR          │ True          │
├──────────────────┼───────────────┤
│ Num Epochs       │ 20            │
├──────────────────┼───────────────┤
│ Num Workers      │ 4             │
├──────────────────┼───────────────┤
│ Image Height     │ 224           │
├──────────────────┼───────────────┤
│ Image Width      │ 224           │
├──────────────────┼───────────────┤
│ Pin Memory       │ True          │
├──────────────────┼───────────────┤
│ Load Model       │ True          │
├──────────────────┼───────────────┤
│ Save Model       │ True          │
├──────────────────┼───────────────┤
│ Download Dataset │ False         │
├──────────────────┼───────────────┤
│ Model Name       │ DINOV2        │
├──────────────────┼───────────────┤
│ Seed             │ 42            │
├──────────────────┼───────────────┤
│ Task Name        │ MIT-67        │
├──────────────────┼───────────────┤
│ GPU              │ Tesla T4      │
├──────────────────┼───────────────┤
│ Torch            │ 2.6.0+cu124   │
├──────────────────┼───────────────┤
│ Torchvision      │ 0.21.0+cu124  │
├──────────────────┼───────────────┤
│ Checkpoint Name  │ DINOV2_MIT-67 │
╘══════════════════╧═══════════════╛
using MLP layer as FFN
╒═════════════════╤═══════════════╤══════════╕
│ Builded Model   │ #Parameters   │ Device   │
╞═════════════════╪═══════════════╪══════════╡
│ DINOV2          │ 0.01 M        │ cuda     │
╘═════════════════╧═══════════════╧══════════╛
Loading Checkpoint...
No Such file : /content/drive/MyDrive/checkpoint/DINOV2_MIT-67_best.pth


**************************************************
Training Phase
**************************************************
Epoch: 1 ---> Train , Loss = 1.4413, Accuracy = 52.71 , lr = 0.009548853816214998
Epoch: 2 ---> Train , Loss = 0.4815, Accuracy = 83.88 , lr = 0.009095325760829623
Epoch: 3 ---> Train , Loss = 0.4220, Accuracy = 85.68 , lr = 0.008639269723028193
Epoch: 4 ---> Train , Loss = 0.3758, Accuracy = 87.37 , lr = 0.008180521460508584
Epoch: 5 ---> Train , Loss = 0.2973, Accuracy = 90.70 , lr = 0.007718895067235705
Epoch: 6 ---> Train , Loss = 0.3249, Accuracy = 89.26 , lr = 0.0072541784693721965
Epoch: 7 ---> Train , Loss = 0.3360, Accuracy = 88.30 , lr = 0.0067861275925812465
Epoch: 8 ---> Train , Loss = 0.2772, Accuracy = 90.80 , lr = 0.0063144586748935475
Epoch: 9 ---> Train , Loss = 0.2836, Accuracy = 90.68 , lr = 0.005838837929199797
Epoch: 10 ---> Train , Loss = 0.2795, Accuracy = 91.01 , lr = 0.005358867312681461
Epoch: 11 ---> Train , Loss = 0.2791, Accuracy = 90.39 , lr = 0.00487406439178995
Epoch: 12 ---> Train , Loss = 0.2720, Accuracy = 90.08 , lr = 0.004383832905540869
Epoch: 13 ---> Train , Loss = 0.2741, Accuracy = 91.03 , lr = 0.0038874179879876333
Epoch: 14 ---> Train , Loss = 0.2558, Accuracy = 92.59 , lr = 0.0033838346190164983
Epoch: 15 ---> Train , Loss = 0.2608, Accuracy = 90.92 , lr = 0.002871745887492587
Epoch: 16 ---> Train , Loss = 0.2487, Accuracy = 91.86 , lr = 0.002349237886176037
Epoch: 17 ---> Train , Loss = 0.2775, Accuracy = 91.43 , lr = 0.0018133520731367454
Epoch: 18 ---> Train , Loss = 0.2509, Accuracy = 91.95 , lr = 0.001258925411794167
Epoch: 19 ---> Train , Loss = 0.2434, Accuracy = 92.17 , lr = 0.0006746414238367821
Epoch: 20 ---> Train , Loss = 0.2437, Accuracy = 92.08 , lr = 0.0
**************************************************
Best Acc Over Validation Set: 92.59
Best Epoch: 14
**************************************************
Inference Phase
**************************************************
Final Test ---> Loss = 0.6203 , Macro Accuracy = 77.92
Per-class accuracies:
  Class 0: 75.00%
  Class 1: 90.00%
  Class 2: 70.00%
  Class 3: 30.00%
  Class 4: 100.00%
  Class 5: 95.00%
  Class 6: 90.00%
  Class 7: 100.00%
  Class 8: 95.00%
  Class 9: 100.00%
  Class 10: 30.00%
  Class 11: 60.00%
**************************************************


Logging Directory: ./logs/logging
╒══════════════════╤═════════════════════════╕
│ Hyperparameter   │ Value                   │
╞══════════════════╪═════════════════════════╡
│ Learning Rate    │ 0.01                    │
├──────────────────┼─────────────────────────┤
│ Num Classes      │ 20                      │
├──────────────────┼─────────────────────────┤
│ Device           │ cuda                    │
├──────────────────┼─────────────────────────┤
│ Batch Size       │ 64                      │
├──────────────────┼─────────────────────────┤
│ POLY_LR          │ True                    │
├──────────────────┼─────────────────────────┤
│ Num Epochs       │ 20                      │
├──────────────────┼─────────────────────────┤
│ Num Workers      │ 4                       │
├──────────────────┼─────────────────────────┤
│ Image Height     │ 224                     │
├──────────────────┼─────────────────────────┤
│ Image Width      │ 224                     │
├──────────────────┼─────────────────────────┤
│ Pin Memory       │ True                    │
├──────────────────┼─────────────────────────┤
│ Load Model       │ True                    │
├──────────────────┼─────────────────────────┤
│ Save Model       │ True                    │
├──────────────────┼─────────────────────────┤
│ Download Dataset │ False                   │
├──────────────────┼─────────────────────────┤
│ Model Name       │ DINOV2                  │
├──────────────────┼─────────────────────────┤
│ Seed             │ 42                      │
├──────────────────┼─────────────────────────┤
│ Task Name        │ MIT-20-Synthetic        │
├──────────────────┼─────────────────────────┤
│ GPU              │ Tesla T4                │
├──────────────────┼─────────────────────────┤
│ Torch            │ 2.10.0+cu128            │
├──────────────────┼─────────────────────────┤
│ Torchvision      │ 0.25.0+cu128            │
├──────────────────┼─────────────────────────┤
│ Checkpoint Name  │ DINOV2_MIT-20-Synthetic │
╘══════════════════╧═════════════════════════╛
using MLP layer as FFN
╒═════════════════╤═══════════════╤══════════╕
│ Builded Model   │ #Parameters   │ Device   │
╞═════════════════╪═══════════════╪══════════╡
│ DINOV2          │ 1.79 M        │ cuda     │
╘═════════════════╧═══════════════╧══════════╛
Loading Checkpoint...
No Such file : /content/drive/MyDrive/checkpoint/DINOV2_MIT-20-Synthetic_best.pth


**************************************************
Training Phase
**************************************************
Logging Directory: ./logs/logging
╒══════════════════╤═══════════════╕
│ Hyperparameter   │ Value         │
╞══════════════════╪═══════════════╡
│ Learning Rate    │ 0.01          │
├──────────────────┼───────────────┤
│ Num Classes      │ 20            │
├──────────────────┼───────────────┤
│ Device           │ cuda          │
├──────────────────┼───────────────┤
│ Batch Size       │ 64            │
├──────────────────┼───────────────┤
│ POLY_LR          │ True          │
├──────────────────┼───────────────┤
│ Num Epochs       │ 10            │
├──────────────────┼───────────────┤
│ Num Workers      │ 4             │
├──────────────────┼───────────────┤
│ Image Height     │ 224           │
├──────────────────┼───────────────┤
│ Image Width      │ 224           │
├──────────────────┼───────────────┤
│ Pin Memory       │ True          │
├──────────────────┼───────────────┤
│ Load Model       │ True          │
├──────────────────┼───────────────┤
│ Save Model       │ True          │
├──────────────────┼───────────────┤
│ Download Dataset │ False         │
├──────────────────┼───────────────┤
│ Model Name       │ DINOV2        │
├──────────────────┼───────────────┤
│ Seed             │ 42            │
├──────────────────┼───────────────┤
│ Task Name        │ MIT-20        │
├──────────────────┼───────────────┤
│ GPU              │ Tesla T4      │
├──────────────────┼───────────────┤
│ Torch            │ 2.10.0+cu128  │
├──────────────────┼───────────────┤
│ Torchvision      │ 0.25.0+cu128  │
├──────────────────┼───────────────┤
│ Checkpoint Name  │ DINOV2_MIT-20 │
╘══════════════════╧═══════════════╛
using MLP layer as FFN
╒═════════════════╤═══════════════╤══════════╕
│ Builded Model   │ #Parameters   │ Device   │
╞═════════════════╪═══════════════╪══════════╡
│ DINOV2          │ 1.78 M        │ cuda     │
╘═════════════════╧═══════════════╧══════════╛
Loading Checkpoint...
No Such file : /content/drive/MyDrive/checkpoint/DINOV2_MIT-20_best.pth


**************************************************
Training Phase
**************************************************
Epoch: 1 ---> Train , Loss = 1.4277, Accuracy = 57.98 , lr = 0.009095325760829623
Epoch: 2 ---> Train , Loss = 0.7040, Accuracy = 78.57 , lr = 0.008180521460508582
Epoch: 3 ---> Train , Loss = 0.4852, Accuracy = 82.86 , lr = 0.007254178469372194
Epoch: 4 ---> Train , Loss = 0.4151, Accuracy = 88.39 , lr = 0.006314458674893546
Epoch: 5 ---> Train , Loss = 0.4391, Accuracy = 85.94 , lr = 0.00535886731268146
Epoch: 6 ---> Train , Loss = 0.3790, Accuracy = 89.35 , lr = 0.004383832905540868
Epoch: 7 ---> Train , Loss = 0.3218, Accuracy = 89.38 , lr = 0.0033838346190164987
Epoch: 8 ---> Train , Loss = 0.2608, Accuracy = 91.36 , lr = 0.002349237886176038
Epoch: 9 ---> Train , Loss = 0.2651, Accuracy = 91.30 , lr = 0.0012589254117941675
Epoch: 10 ---> Train , Loss = 0.2250, Accuracy = 92.75 , lr = 0.0
**************************************************
Best Acc Over Validation Set: 92.75
Best Epoch: 10
**************************************************
Inference Phase
**************************************************
Final Test ---> Loss = 0.2728 , Macro Accuracy = 91.66
Per-class accuracies:
  Class 0: 72.22%
  Class 1: 89.47%
  Class 2: 83.33%
  Class 3: 94.44%
  Class 4: 100.00%
  Class 5: 88.89%
  Class 6: 94.44%
  Class 7: 100.00%
  Class 8: 95.24%
  Class 9: 82.35%
  Class 10: 100.00%
  Class 11: 100.00%
  Class 12: 100.00%
  Class 13: 85.71%
  Class 14: 85.00%
  Class 15: 90.00%
  Class 16: 95.65%
  Class 17: 94.74%
  Class 18: 86.36%
  Class 19: 95.24%
**************************************************


Logging Directory: ./logs/logging
╒══════════════════╤═══════════════╕
│ Hyperparameter   │ Value         │
╞══════════════════╪═══════════════╡
│ Learning Rate    │ 0.01          │
├──────────────────┼───────────────┤
│ Num Classes      │ 20            │
├──────────────────┼───────────────┤
│ Device           │ cuda          │
├──────────────────┼───────────────┤
│ Batch Size       │ 64            │
├──────────────────┼───────────────┤
│ POLY_LR          │ True          │
├──────────────────┼───────────────┤
│ Num Epochs       │ 10            │
├──────────────────┼───────────────┤
│ Num Workers      │ 4             │
├──────────────────┼───────────────┤
│ Image Height     │ 224           │
├──────────────────┼───────────────┤
│ Image Width      │ 224           │
├──────────────────┼───────────────┤
│ Pin Memory       │ True          │
├──────────────────┼───────────────┤
│ Load Model       │ True          │
├──────────────────┼───────────────┤
│ Save Model       │ True          │
├──────────────────┼───────────────┤
│ Download Dataset │ False         │
├──────────────────┼───────────────┤
│ Model Name       │ DINOV2        │
├──────────────────┼───────────────┤
│ Seed             │ 42            │
├──────────────────┼───────────────┤
│ Task Name        │ MIT-20        │
├──────────────────┼───────────────┤
│ GPU              │ Tesla T4      │
├──────────────────┼───────────────┤
│ Torch            │ 2.10.0+cu128  │
├──────────────────┼───────────────┤
│ Torchvision      │ 0.25.0+cu128  │
├──────────────────┼───────────────┤
│ Checkpoint Name  │ DINOV2_MIT-20 │
╘══════════════════╧═══════════════╛
using MLP layer as FFN
╒═════════════════╤═══════════════╤══════════╕
│ Builded Model   │ #Parameters   │ Device   │
╞═════════════════╪═══════════════╪══════════╡
│ DINOV2          │ 1.78 M        │ cuda     │
╘═════════════════╧═══════════════╧══════════╛
Loading Checkpoint...


**************************************************
Best Acc Over Validation Set: 92.75
Best Epoch: 10
**************************************************
Inference Phase
**************************************************
Final Test ---> Loss = 0.9455 , Macro Accuracy = 79.37
Per-class accuracies:
  Class 0: 50.00%
  Class 1: 95.24%
  Class 2: 84.21%
  Class 3: 100.00%
  Class 4: 95.00%
  Class 5: 61.11%
  Class 6: 88.89%
  Class 7: 89.47%
  Class 8: 100.00%
  Class 9: 85.00%
  Class 10: 90.48%
  Class 11: 86.36%
  Class 12: 94.74%
  Class 13: 95.00%
  Class 14: 42.86%
  Class 15: 5.56%
  Class 16: 95.65%
  Class 17: 85.00%
  Class 18: 57.89%
  Class 19: 85.00%
**************************************************


Logging Directory: ./logs/logging
╒══════════════════╤═══════════════╕
│ Hyperparameter   │ Value         │
╞══════════════════╪═══════════════╡
│ Learning Rate    │ 0.01          │
├──────────────────┼───────────────┤
│ Num Classes      │ 20            │
├──────────────────┼───────────────┤
│ Device           │ cuda          │
├──────────────────┼───────────────┤
│ Batch Size       │ 64            │
├──────────────────┼───────────────┤
│ POLY_LR          │ True          │
├──────────────────┼───────────────┤
│ Num Epochs       │ 10            │
├──────────────────┼───────────────┤
│ Num Workers      │ 4             │
├──────────────────┼───────────────┤
│ Image Height     │ 224           │
├──────────────────┼───────────────┤
│ Image Width      │ 224           │
├──────────────────┼───────────────┤
│ Pin Memory       │ True          │
├──────────────────┼───────────────┤
│ Load Model       │ True          │
├──────────────────┼───────────────┤
│ Save Model       │ True          │
├──────────────────┼───────────────┤
│ Download Dataset │ False         │
├──────────────────┼───────────────┤
│ Model Name       │ DINOV2        │
├──────────────────┼───────────────┤
│ Seed             │ 42            │
├──────────────────┼───────────────┤
│ Task Name        │ MIT-20        │
├──────────────────┼───────────────┤
│ GPU              │ Tesla T4      │
├──────────────────┼───────────────┤
│ Torch            │ 2.10.0+cu128  │
├──────────────────┼───────────────┤
│ Torchvision      │ 0.25.0+cu128  │
├──────────────────┼───────────────┤
│ Checkpoint Name  │ DINOV2_MIT-20 │
╘══════════════════╧═══════════════╛
using MLP layer as FFN
╒═════════════════╤═══════════════╤══════════╕
│ Builded Model   │ #Parameters   │ Device   │
╞═════════════════╪═══════════════╪══════════╡
│ DINOV2          │ 1.78 M        │ cuda     │
╘═════════════════╧═══════════════╧══════════╛
Loading Checkpoint...


**************************************************
Best Acc Over Validation Set: 92.75
Best Epoch: 10
**************************************************
Inference Phase
**************************************************
Final Test ---> Loss = 0.9897 , Macro Accuracy = 73.50
Per-class accuracies:
  Class 0: 70.00%
  Class 1: 65.00%
  Class 2: 50.00%
  Class 3: 95.00%
  Class 4: 100.00%
  Class 5: 35.00%
  Class 6: 70.00%
  Class 7: 60.00%
  Class 8: 85.00%
  Class 9: 55.00%
  Class 10: 100.00%
  Class 11: 70.00%
  Class 12: 80.00%
  Class 13: 100.00%
  Class 14: 75.00%
  Class 15: 60.00%
  Class 16: 70.00%
  Class 17: 85.00%
  Class 18: 95.00%
  Class 19: 50.00%
**************************************************


Logging Directory: ./logs/logging
╒══════════════════╤═══════════════╕
│ Hyperparameter   │ Value         │
╞══════════════════╪═══════════════╡
│ Learning Rate    │ 0.01          │
├──────────────────┼───────────────┤
│ Num Classes      │ 20            │
├──────────────────┼───────────────┤
│ Device           │ cuda          │
├──────────────────┼───────────────┤
│ Batch Size       │ 64            │
├──────────────────┼───────────────┤
│ POLY_LR          │ True          │
├──────────────────┼───────────────┤
│ Num Epochs       │ 10            │
├──────────────────┼───────────────┤
│ Num Workers      │ 4             │
├──────────────────┼───────────────┤
│ Image Height     │ 224           │
├──────────────────┼───────────────┤
│ Image Width      │ 224           │
├──────────────────┼───────────────┤
│ Pin Memory       │ True          │
├──────────────────┼───────────────┤
│ Load Model       │ True          │
├──────────────────┼───────────────┤
│ Save Model       │ True          │
├──────────────────┼───────────────┤
│ Download Dataset │ False         │
├──────────────────┼───────────────┤
│ Model Name       │ DINOV2        │
├──────────────────┼───────────────┤
│ Seed             │ 42            │
├──────────────────┼───────────────┤
│ Task Name        │ MIT-20        │
├──────────────────┼───────────────┤
│ GPU              │ Tesla T4      │
├──────────────────┼───────────────┤
│ Torch            │ 2.10.0+cu128  │
├──────────────────┼───────────────┤
│ Torchvision      │ 0.25.0+cu128  │
├──────────────────┼───────────────┤
│ Checkpoint Name  │ DINOV2_MIT-20 │
╘══════════════════╧═══════════════╛
using MLP layer as FFN
╒═════════════════╤═══════════════╤══════════╕
│ Builded Model   │ #Parameters   │ Device   │
╞═════════════════╪═══════════════╪══════════╡
│ DINOV2          │ 1.78 M        │ cuda     │
╘═════════════════╧═══════════════╧══════════╛
Loading Checkpoint...


**************************************************
Best Acc Over Validation Set: 92.75
Best Epoch: 10
**************************************************
Inference Phase
**************************************************
Final Test ---> Loss = 0.2921 , Macro Accuracy = 89.50
Per-class accuracies:
  Class 0: 70.00%
  Class 1: 85.00%
  Class 2: 85.00%
  Class 3: 95.00%
  Class 4: 95.00%
  Class 5: 70.00%
  Class 6: 80.00%
  Class 7: 90.00%
  Class 8: 90.00%
  Class 9: 90.00%
  Class 10: 95.00%
  Class 11: 90.00%
  Class 12: 100.00%
  Class 13: 100.00%
  Class 14: 90.00%
  Class 15: 85.00%
  Class 16: 100.00%
  Class 17: 95.00%
  Class 18: 95.00%
  Class 19: 90.00%
**************************************************


Logging Directory: ./logs/logging
╒══════════════════╤═════════════════════════╕
│ Hyperparameter   │ Value                   │
╞══════════════════╪═════════════════════════╡
│ Learning Rate    │ 0.01                    │
├──────────────────┼─────────────────────────┤
│ Num Classes      │ 20                      │
├──────────────────┼─────────────────────────┤
│ Device           │ cuda                    │
├──────────────────┼─────────────────────────┤
│ Batch Size       │ 64                      │
├──────────────────┼─────────────────────────┤
│ POLY_LR          │ True                    │
├──────────────────┼─────────────────────────┤
│ Num Epochs       │ 10                      │
├──────────────────┼─────────────────────────┤
│ Num Workers      │ 4                       │
├──────────────────┼─────────────────────────┤
│ Image Height     │ 224                     │
├──────────────────┼─────────────────────────┤
│ Image Width      │ 224                     │
├──────────────────┼─────────────────────────┤
│ Pin Memory       │ True                    │
├──────────────────┼─────────────────────────┤
│ Load Model       │ True                    │
├──────────────────┼─────────────────────────┤
│ Save Model       │ True                    │
├──────────────────┼─────────────────────────┤
│ Download Dataset │ False                   │
├──────────────────┼─────────────────────────┤
│ Model Name       │ DINOV2                  │
├──────────────────┼─────────────────────────┤
│ Seed             │ 42                      │
├──────────────────┼─────────────────────────┤
│ Task Name        │ MIT-20-Synthetic        │
├──────────────────┼─────────────────────────┤
│ GPU              │ Tesla T4                │
├──────────────────┼─────────────────────────┤
│ Torch            │ 2.10.0+cu128            │
├──────────────────┼─────────────────────────┤
│ Torchvision      │ 0.25.0+cu128            │
├──────────────────┼─────────────────────────┤
│ Checkpoint Name  │ DINOV2_MIT-20-Synthetic │
╘══════════════════╧═════════════════════════╛
using MLP layer as FFN
╒═════════════════╤═══════════════╤══════════╕
│ Builded Model   │ #Parameters   │ Device   │
╞═════════════════╪═══════════════╪══════════╡
│ DINOV2          │ 1.78 M        │ cuda     │
╘═════════════════╧═══════════════╧══════════╛
Loading Checkpoint...
No Such file : /content/drive/MyDrive/checkpoint/DINOV2_MIT-20-Synthetic_best.pth


**************************************************
Training Phase
**************************************************
Epoch: 1 ---> Train , Loss = 1.3397, Accuracy = 60.68 , lr = 0.009095325760829623
Epoch: 2 ---> Train , Loss = 0.6322, Accuracy = 80.11 , lr = 0.008180521460508582
Epoch: 3 ---> Train , Loss = 0.5147, Accuracy = 84.91 , lr = 0.007254178469372194
Epoch: 4 ---> Train , Loss = 0.4952, Accuracy = 85.85 , lr = 0.006314458674893546
Epoch: 5 ---> Train , Loss = 0.4416, Accuracy = 87.47 , lr = 0.00535886731268146
Epoch: 6 ---> Train , Loss = 0.4181, Accuracy = 87.59 , lr = 0.004383832905540868
Epoch: 7 ---> Train , Loss = 0.2948, Accuracy = 90.15 , lr = 0.0033838346190164987
Epoch: 8 ---> Train , Loss = 0.2611, Accuracy = 91.70 , lr = 0.002349237886176038
Epoch: 9 ---> Train , Loss = 0.2660, Accuracy = 91.96 , lr = 0.0012589254117941675
Epoch: 10 ---> Train , Loss = 0.2043, Accuracy = 93.83 , lr = 0.0
**************************************************
Best Acc Over Validation Set: 93.83
Best Epoch: 10
**************************************************
Inference Phase
**************************************************
Final Test ---> Loss = 0.2690 , Macro Accuracy = 91.27
Per-class accuracies:
  Class 0: 85.00%
  Class 1: 95.24%
  Class 2: 84.21%
  Class 3: 100.00%
  Class 4: 100.00%
  Class 5: 94.44%
  Class 6: 88.89%
  Class 7: 84.21%
  Class 8: 94.74%
  Class 9: 85.00%
  Class 10: 100.00%
  Class 11: 77.27%
  Class 12: 100.00%
  Class 13: 100.00%
  Class 14: 85.71%
  Class 15: 100.00%
  Class 16: 91.30%
  Class 17: 85.00%
  Class 18: 89.47%
  Class 19: 85.00%
**************************************************


Logging Directory: ./logs/logging
╒══════════════════╤═════════════════════════╕
│ Hyperparameter   │ Value                   │
╞══════════════════╪═════════════════════════╡
│ Learning Rate    │ 0.01                    │
├──────────────────┼─────────────────────────┤
│ Num Classes      │ 20                      │
├──────────────────┼─────────────────────────┤
│ Device           │ cuda                    │
├──────────────────┼─────────────────────────┤
│ Batch Size       │ 64                      │
├──────────────────┼─────────────────────────┤
│ POLY_LR          │ True                    │
├──────────────────┼─────────────────────────┤
│ Num Epochs       │ 10                      │
├──────────────────┼─────────────────────────┤
│ Num Workers      │ 4                       │
├──────────────────┼─────────────────────────┤
│ Image Height     │ 224                     │
├──────────────────┼─────────────────────────┤
│ Image Width      │ 224                     │
├──────────────────┼─────────────────────────┤
│ Pin Memory       │ True                    │
├──────────────────┼─────────────────────────┤
│ Load Model       │ True                    │
├──────────────────┼─────────────────────────┤
│ Save Model       │ True                    │
├──────────────────┼─────────────────────────┤
│ Download Dataset │ False                   │
├──────────────────┼─────────────────────────┤
│ Model Name       │ DINOV2                  │
├──────────────────┼─────────────────────────┤
│ Seed             │ 42                      │
├──────────────────┼─────────────────────────┤
│ Task Name        │ MIT-20-Synthetic        │
├──────────────────┼─────────────────────────┤
│ GPU              │ Tesla T4                │
├──────────────────┼─────────────────────────┤
│ Torch            │ 2.10.0+cu128            │
├──────────────────┼─────────────────────────┤
│ Torchvision      │ 0.25.0+cu128            │
├──────────────────┼─────────────────────────┤
│ Checkpoint Name  │ DINOV2_MIT-20-Synthetic │
╘══════════════════╧═════════════════════════╛
using MLP layer as FFN
╒═════════════════╤═══════════════╤══════════╕
│ Builded Model   │ #Parameters   │ Device   │
╞═════════════════╪═══════════════╪══════════╡
│ DINOV2          │ 1.78 M        │ cuda     │
╘═════════════════╧═══════════════╧══════════╛
Loading Checkpoint...


**************************************************
Training Phase
**************************************************
Epoch: 1 ---> Train , Loss = 0.1175, Accuracy = 96.19 , lr = 0.009095325760829623
Logging Directory: ./logs/logging
╒══════════════════╤═════════════════════════╕
│ Hyperparameter   │ Value                   │
╞══════════════════╪═════════════════════════╡
│ Learning Rate    │ 0.01                    │
├──────────────────┼─────────────────────────┤
│ Num Classes      │ 20                      │
├──────────────────┼─────────────────────────┤
│ Device           │ cuda                    │
├──────────────────┼─────────────────────────┤
│ Batch Size       │ 64                      │
├──────────────────┼─────────────────────────┤
│ POLY_LR          │ True                    │
├──────────────────┼─────────────────────────┤
│ Num Epochs       │ 10                      │
├──────────────────┼─────────────────────────┤
│ Num Workers      │ 4                       │
├──────────────────┼─────────────────────────┤
│ Image Height     │ 224                     │
├──────────────────┼─────────────────────────┤
│ Image Width      │ 224                     │
├──────────────────┼─────────────────────────┤
│ Pin Memory       │ True                    │
├──────────────────┼─────────────────────────┤
│ Load Model       │ True                    │
├──────────────────┼─────────────────────────┤
│ Save Model       │ True                    │
├──────────────────┼─────────────────────────┤
│ Download Dataset │ False                   │
├──────────────────┼─────────────────────────┤
│ Model Name       │ DINOV2                  │
├──────────────────┼─────────────────────────┤
│ Seed             │ 42                      │
├──────────────────┼─────────────────────────┤
│ Task Name        │ MIT-20-Synthetic        │
├──────────────────┼─────────────────────────┤
│ GPU              │ Tesla T4                │
├──────────────────┼─────────────────────────┤
│ Torch            │ 2.10.0+cu128            │
├──────────────────┼─────────────────────────┤
│ Torchvision      │ 0.25.0+cu128            │
├──────────────────┼─────────────────────────┤
│ Checkpoint Name  │ DINOV2_MIT-20-Synthetic │
╘══════════════════╧═════════════════════════╛
using MLP layer as FFN
╒═════════════════╤═══════════════╤══════════╕
│ Builded Model   │ #Parameters   │ Device   │
╞═════════════════╪═══════════════╪══════════╡
│ DINOV2          │ 1.78 M        │ cuda     │
╘═════════════════╧═══════════════╧══════════╛
Loading Checkpoint...
No Such file : /content/drive/MyDrive/checkpoint/DINOV2_MIT-20-Synthetic_best.pth


**************************************************
Training Phase
**************************************************
Epoch: 1 ---> Train , Loss = 1.3397, Accuracy = 60.68 , lr = 0.009095325760829623
Epoch: 2 ---> Train , Loss = 0.6322, Accuracy = 80.11 , lr = 0.008180521460508582
Epoch: 3 ---> Train , Loss = 0.5147, Accuracy = 84.91 , lr = 0.007254178469372194
Epoch: 4 ---> Train , Loss = 0.4952, Accuracy = 85.85 , lr = 0.006314458674893546
Epoch: 5 ---> Train , Loss = 0.4416, Accuracy = 87.47 , lr = 0.00535886731268146
Epoch: 6 ---> Train , Loss = 0.4181, Accuracy = 87.59 , lr = 0.004383832905540868
Epoch: 7 ---> Train , Loss = 0.2948, Accuracy = 90.15 , lr = 0.0033838346190164987
Epoch: 8 ---> Train , Loss = 0.2611, Accuracy = 91.70 , lr = 0.002349237886176038
Epoch: 9 ---> Train , Loss = 0.2660, Accuracy = 91.96 , lr = 0.0012589254117941675
Epoch: 10 ---> Train , Loss = 0.2043, Accuracy = 93.83 , lr = 0.0
**************************************************
Best Acc Over Validation Set: 93.83
Best Epoch: 10
**************************************************
Inference Phase
**************************************************
Final Test ---> Loss = 0.2690 , Macro Accuracy = 91.27
Per-class accuracies:
  Class 0: 85.00%
  Class 1: 95.24%
  Class 2: 84.21%
  Class 3: 100.00%
  Class 4: 100.00%
  Class 5: 94.44%
  Class 6: 88.89%
  Class 7: 84.21%
  Class 8: 94.74%
  Class 9: 85.00%
  Class 10: 100.00%
  Class 11: 77.27%
  Class 12: 100.00%
  Class 13: 100.00%
  Class 14: 85.71%
  Class 15: 100.00%
  Class 16: 91.30%
  Class 17: 85.00%
  Class 18: 89.47%
  Class 19: 85.00%
**************************************************


Logging Directory: ./logs/logging
╒══════════════════╤═════════════════════════╕
│ Hyperparameter   │ Value                   │
╞══════════════════╪═════════════════════════╡
│ Learning Rate    │ 0.01                    │
├──────────────────┼─────────────────────────┤
│ Num Classes      │ 20                      │
├──────────────────┼─────────────────────────┤
│ Device           │ cuda                    │
├──────────────────┼─────────────────────────┤
│ Batch Size       │ 64                      │
├──────────────────┼─────────────────────────┤
│ POLY_LR          │ True                    │
├──────────────────┼─────────────────────────┤
│ Num Epochs       │ 10                      │
├──────────────────┼─────────────────────────┤
│ Num Workers      │ 4                       │
├──────────────────┼─────────────────────────┤
│ Image Height     │ 224                     │
├──────────────────┼─────────────────────────┤
│ Image Width      │ 224                     │
├──────────────────┼─────────────────────────┤
│ Pin Memory       │ True                    │
├──────────────────┼─────────────────────────┤
│ Load Model       │ True                    │
├──────────────────┼─────────────────────────┤
│ Save Model       │ True                    │
├──────────────────┼─────────────────────────┤
│ Download Dataset │ False                   │
├──────────────────┼─────────────────────────┤
│ Model Name       │ DINOV2                  │
├──────────────────┼─────────────────────────┤
│ Seed             │ 42                      │
├──────────────────┼─────────────────────────┤
│ Task Name        │ MIT-20-Synthetic        │
├──────────────────┼─────────────────────────┤
│ GPU              │ Tesla T4                │
├──────────────────┼─────────────────────────┤
│ Torch            │ 2.10.0+cu128            │
├──────────────────┼─────────────────────────┤
│ Torchvision      │ 0.25.0+cu128            │
├──────────────────┼─────────────────────────┤
│ Checkpoint Name  │ DINOV2_MIT-20-Synthetic │
╘══════════════════╧═════════════════════════╛
using MLP layer as FFN
╒═════════════════╤═══════════════╤══════════╕
│ Builded Model   │ #Parameters   │ Device   │
╞═════════════════╪═══════════════╪══════════╡
│ DINOV2          │ 1.78 M        │ cuda     │
╘═════════════════╧═══════════════╧══════════╛
Loading Checkpoint...


**************************************************
Best Acc Over Validation Set: 93.83
Best Epoch: 10
**************************************************
Inference Phase
**************************************************
Final Test ---> Loss = 0.6010 , Macro Accuracy = 80.85
Per-class accuracies:
  Class 0: 83.33%
  Class 1: 78.95%
  Class 2: 83.33%
  Class 3: 88.89%
  Class 4: 95.24%
  Class 5: 66.67%
  Class 6: 66.67%
  Class 7: 100.00%
  Class 8: 90.48%
  Class 9: 47.06%
  Class 10: 100.00%
  Class 11: 77.27%
  Class 12: 100.00%
  Class 13: 80.95%
  Class 14: 50.00%
  Class 15: 90.00%
  Class 16: 95.65%
  Class 17: 73.68%
  Class 18: 72.73%
  Class 19: 76.19%
**************************************************


Logging Directory: ./logs/logging
╒══════════════════╤═════════════════════════╕
│ Hyperparameter   │ Value                   │
╞══════════════════╪═════════════════════════╡
│ Learning Rate    │ 0.01                    │
├──────────────────┼─────────────────────────┤
│ Num Classes      │ 20                      │
├──────────────────┼─────────────────────────┤
│ Device           │ cuda                    │
├──────────────────┼─────────────────────────┤
│ Batch Size       │ 64                      │
├──────────────────┼─────────────────────────┤
│ POLY_LR          │ True                    │
├──────────────────┼─────────────────────────┤
│ Num Epochs       │ 10                      │
├──────────────────┼─────────────────────────┤
│ Num Workers      │ 4                       │
├──────────────────┼─────────────────────────┤
│ Image Height     │ 224                     │
├──────────────────┼─────────────────────────┤
│ Image Width      │ 224                     │
├──────────────────┼─────────────────────────┤
│ Pin Memory       │ True                    │
├──────────────────┼─────────────────────────┤
│ Load Model       │ True                    │
├──────────────────┼─────────────────────────┤
│ Save Model       │ True                    │
├──────────────────┼─────────────────────────┤
│ Download Dataset │ False                   │
├──────────────────┼─────────────────────────┤
│ Model Name       │ DINOV2                  │
├──────────────────┼─────────────────────────┤
│ Seed             │ 42                      │
├──────────────────┼─────────────────────────┤
│ Task Name        │ MIT-20-Synthetic        │
├──────────────────┼─────────────────────────┤
│ GPU              │ Tesla T4                │
├──────────────────┼─────────────────────────┤
│ Torch            │ 2.10.0+cu128            │
├──────────────────┼─────────────────────────┤
│ Torchvision      │ 0.25.0+cu128            │
├──────────────────┼─────────────────────────┤
│ Checkpoint Name  │ DINOV2_MIT-20-Synthetic │
╘══════════════════╧═════════════════════════╛
using MLP layer as FFN
╒═════════════════╤═══════════════╤══════════╕
│ Builded Model   │ #Parameters   │ Device   │
╞═════════════════╪═══════════════╪══════════╡
│ DINOV2          │ 1.78 M        │ cuda     │
╘═════════════════╧═══════════════╧══════════╛
Loading Checkpoint...


**************************************************
Best Acc Over Validation Set: 93.83
Best Epoch: 10
**************************************************
Inference Phase
**************************************************
Final Test ---> Loss = 1.1542 , Macro Accuracy = 68.75
Per-class accuracies:
  Class 0: 50.00%
  Class 1: 65.00%
  Class 2: 75.00%
  Class 3: 90.00%
  Class 4: 100.00%
  Class 5: 50.00%
  Class 6: 60.00%
  Class 7: 80.00%
  Class 8: 85.00%
  Class 9: 35.00%
  Class 10: 100.00%
  Class 11: 75.00%
  Class 12: 65.00%
  Class 13: 95.00%
  Class 14: 50.00%
  Class 15: 65.00%
  Class 16: 60.00%
  Class 17: 50.00%
  Class 18: 75.00%
  Class 19: 50.00%
**************************************************


Logging Directory: ./logs/logging
╒══════════════════╤═════════════════════════╕
│ Hyperparameter   │ Value                   │
╞══════════════════╪═════════════════════════╡
│ Learning Rate    │ 0.01                    │
├──────────────────┼─────────────────────────┤
│ Num Classes      │ 20                      │
├──────────────────┼─────────────────────────┤
│ Device           │ cuda                    │
├──────────────────┼─────────────────────────┤
│ Batch Size       │ 64                      │
├──────────────────┼─────────────────────────┤
│ POLY_LR          │ True                    │
├──────────────────┼─────────────────────────┤
│ Num Epochs       │ 10                      │
├──────────────────┼─────────────────────────┤
│ Num Workers      │ 4                       │
├──────────────────┼─────────────────────────┤
│ Image Height     │ 224                     │
├──────────────────┼─────────────────────────┤
│ Image Width      │ 224                     │
├──────────────────┼─────────────────────────┤
│ Pin Memory       │ True                    │
├──────────────────┼─────────────────────────┤
│ Load Model       │ True                    │
├──────────────────┼─────────────────────────┤
│ Save Model       │ True                    │
├──────────────────┼─────────────────────────┤
│ Download Dataset │ False                   │
├──────────────────┼─────────────────────────┤
│ Model Name       │ DINOV2                  │
├──────────────────┼─────────────────────────┤
│ Seed             │ 42                      │
├──────────────────┼─────────────────────────┤
│ Task Name        │ MIT-20-Synthetic        │
├──────────────────┼─────────────────────────┤
│ GPU              │ Tesla T4                │
├──────────────────┼─────────────────────────┤
│ Torch            │ 2.10.0+cu128            │
├──────────────────┼─────────────────────────┤
│ Torchvision      │ 0.25.0+cu128            │
├──────────────────┼─────────────────────────┤
│ Checkpoint Name  │ DINOV2_MIT-20-Synthetic │
╘══════════════════╧═════════════════════════╛
using MLP layer as FFN
╒═════════════════╤═══════════════╤══════════╕
│ Builded Model   │ #Parameters   │ Device   │
╞═════════════════╪═══════════════╪══════════╡
│ DINOV2          │ 1.78 M        │ cuda     │
╘═════════════════╧═══════════════╧══════════╛
Loading Checkpoint...


**************************************************
Best Acc Over Validation Set: 93.83
Best Epoch: 10
**************************************************
Inference Phase
**************************************************
Final Test ---> Loss = 0.6126 , Macro Accuracy = 79.50
Per-class accuracies:
  Class 0: 75.00%
  Class 1: 90.00%
  Class 2: 85.00%
  Class 3: 95.00%
  Class 4: 95.00%
  Class 5: 70.00%
  Class 6: 65.00%
  Class 7: 70.00%
  Class 8: 95.00%
  Class 9: 20.00%
  Class 10: 100.00%
  Class 11: 65.00%
  Class 12: 90.00%
  Class 13: 95.00%
  Class 14: 30.00%
  Class 15: 90.00%
  Class 16: 90.00%
  Class 17: 85.00%
  Class 18: 85.00%
  Class 19: 100.00%
**************************************************


Logging Directory: ./logs/logging
Logging Directory: ./logs/logging
╒══════════════════╤═════════════════════════╕
│ Hyperparameter   │ Value                   │
╞══════════════════╪═════════════════════════╡
│ Learning Rate    │ 0.01                    │
├──────────────────┼─────────────────────────┤
│ Num Classes      │ 20                      │
├──────────────────┼─────────────────────────┤
│ Device           │ cuda                    │
├──────────────────┼─────────────────────────┤
│ Batch Size       │ 64                      │
├──────────────────┼─────────────────────────┤
│ POLY_LR          │ True                    │
├──────────────────┼─────────────────────────┤
│ Num Epochs       │ 10                      │
├──────────────────┼─────────────────────────┤
│ Num Workers      │ 4                       │
├──────────────────┼─────────────────────────┤
│ Image Height     │ 224                     │
├──────────────────┼─────────────────────────┤
│ Image Width      │ 224                     │
├──────────────────┼─────────────────────────┤
│ Pin Memory       │ True                    │
├──────────────────┼─────────────────────────┤
│ Load Model       │ True                    │
├──────────────────┼─────────────────────────┤
│ Save Model       │ True                    │
├──────────────────┼─────────────────────────┤
│ Download Dataset │ False                   │
├──────────────────┼─────────────────────────┤
│ Model Name       │ DINOV2                  │
├──────────────────┼─────────────────────────┤
│ Seed             │ 42                      │
├──────────────────┼─────────────────────────┤
│ Task Name        │ MIT-20-Synthetic        │
├──────────────────┼─────────────────────────┤
│ GPU              │ Tesla T4                │
├──────────────────┼─────────────────────────┤
│ Torch            │ 2.10.0+cu128            │
├──────────────────┼─────────────────────────┤
│ Torchvision      │ 0.25.0+cu128            │
├──────────────────┼─────────────────────────┤
│ Checkpoint Name  │ DINOV2_MIT-20-Synthetic │
╘══════════════════╧═════════════════════════╛
using MLP layer as FFN
╒═════════════════╤═══════════════╤══════════╕
│ Builded Model   │ #Parameters   │ Device   │
╞═════════════════╪═══════════════╪══════════╡
│ DINOV2          │ 1.78 M        │ cuda     │
╘═════════════════╧═══════════════╧══════════╛
Loading Checkpoint...
No Such file : /content/drive/MyDrive/checkpoint/DINOV2_MIT-20-Synthetic_best.pth


**************************************************
Training Phase
**************************************************
Epoch: 1 ---> Train , Loss = 1.3397, Accuracy = 60.68 , lr = 0.009095325760829623
Epoch: 2 ---> Train , Loss = 0.6322, Accuracy = 80.11 , lr = 0.008180521460508582
Epoch: 3 ---> Train , Loss = 0.5147, Accuracy = 84.91 , lr = 0.007254178469372194
Epoch: 4 ---> Train , Loss = 0.4952, Accuracy = 85.85 , lr = 0.006314458674893546
Epoch: 5 ---> Train , Loss = 0.4416, Accuracy = 87.47 , lr = 0.00535886731268146
Epoch: 6 ---> Train , Loss = 0.4181, Accuracy = 87.59 , lr = 0.004383832905540868
Epoch: 7 ---> Train , Loss = 0.2948, Accuracy = 90.15 , lr = 0.0033838346190164987
Epoch: 8 ---> Train , Loss = 0.2611, Accuracy = 91.70 , lr = 0.002349237886176038
Epoch: 9 ---> Train , Loss = 0.2660, Accuracy = 91.96 , lr = 0.0012589254117941675
Epoch: 10 ---> Train , Loss = 0.2043, Accuracy = 93.83 , lr = 0.0
**************************************************
Best Acc Over Validation Set: 93.83
Best Epoch: 10
**************************************************
Inference Phase
**************************************************
Final Test ---> Loss = 0.2690 , Macro Accuracy = 91.27
Per-class accuracies:
  Class 0: 85.00%
  Class 1: 95.24%
  Class 2: 84.21%
  Class 3: 100.00%
  Class 4: 100.00%
  Class 5: 94.44%
  Class 6: 88.89%
  Class 7: 84.21%
  Class 8: 94.74%
  Class 9: 85.00%
  Class 10: 100.00%
  Class 11: 77.27%
  Class 12: 100.00%
  Class 13: 100.00%
  Class 14: 85.71%
  Class 15: 100.00%
  Class 16: 91.30%
  Class 17: 85.00%
  Class 18: 89.47%
  Class 19: 85.00%
**************************************************


Logging Directory: ./logs/logging
╒══════════════════╤═════════════════════════╕
│ Hyperparameter   │ Value                   │
╞══════════════════╪═════════════════════════╡
│ Learning Rate    │ 0.01                    │
├──────────────────┼─────────────────────────┤
│ Num Classes      │ 20                      │
├──────────────────┼─────────────────────────┤
│ Device           │ cuda                    │
├──────────────────┼─────────────────────────┤
│ Batch Size       │ 64                      │
├──────────────────┼─────────────────────────┤
│ POLY_LR          │ True                    │
├──────────────────┼─────────────────────────┤
│ Num Epochs       │ 10                      │
├──────────────────┼─────────────────────────┤
│ Num Workers      │ 4                       │
├──────────────────┼─────────────────────────┤
│ Image Height     │ 224                     │
├──────────────────┼─────────────────────────┤
│ Image Width      │ 224                     │
├──────────────────┼─────────────────────────┤
│ Pin Memory       │ True                    │
├──────────────────┼─────────────────────────┤
│ Load Model       │ True                    │
├──────────────────┼─────────────────────────┤
│ Save Model       │ True                    │
├──────────────────┼─────────────────────────┤
│ Download Dataset │ False                   │
├──────────────────┼─────────────────────────┤
│ Model Name       │ DINOV2                  │
├──────────────────┼─────────────────────────┤
│ Seed             │ 42                      │
├──────────────────┼─────────────────────────┤
│ Task Name        │ MIT-20-Synthetic        │
├──────────────────┼─────────────────────────┤
│ GPU              │ Tesla T4                │
├──────────────────┼─────────────────────────┤
│ Torch            │ 2.10.0+cu128            │
├──────────────────┼─────────────────────────┤
│ Torchvision      │ 0.25.0+cu128            │
├──────────────────┼─────────────────────────┤
│ Checkpoint Name  │ DINOV2_MIT-20-Synthetic │
╘══════════════════╧═════════════════════════╛
using MLP layer as FFN
╒═════════════════╤═══════════════╤══════════╕
│ Builded Model   │ #Parameters   │ Device   │
╞═════════════════╪═══════════════╪══════════╡
│ DINOV2          │ 1.78 M        │ cuda     │
╘═════════════════╧═══════════════╧══════════╛
Loading Checkpoint...


**************************************************
Best Acc Over Validation Set: 93.83
Best Epoch: 10
**************************************************
Inference Phase
**************************************************
Final Test ---> Loss = 0.6010 , Macro Accuracy = 80.85
Per-class accuracies:
  Class 0: 83.33%
  Class 1: 78.95%
  Class 2: 83.33%
  Class 3: 88.89%
  Class 4: 95.24%
  Class 5: 66.67%
  Class 6: 66.67%
  Class 7: 100.00%
  Class 8: 90.48%
  Class 9: 47.06%
  Class 10: 100.00%
  Class 11: 77.27%
  Class 12: 100.00%
  Class 13: 80.95%
  Class 14: 50.00%
  Class 15: 90.00%
  Class 16: 95.65%
  Class 17: 73.68%
  Class 18: 72.73%
  Class 19: 76.19%
**************************************************


Logging Directory: ./logs/logging
╒══════════════════╤═════════════════════════╕
│ Hyperparameter   │ Value                   │
╞══════════════════╪═════════════════════════╡
│ Learning Rate    │ 0.01                    │
├──────────────────┼─────────────────────────┤
│ Num Classes      │ 20                      │
├──────────────────┼─────────────────────────┤
│ Device           │ cuda                    │
├──────────────────┼─────────────────────────┤
│ Batch Size       │ 64                      │
├──────────────────┼─────────────────────────┤
│ POLY_LR          │ True                    │
├──────────────────┼─────────────────────────┤
│ Num Epochs       │ 10                      │
├──────────────────┼─────────────────────────┤
│ Num Workers      │ 4                       │
├──────────────────┼─────────────────────────┤
│ Image Height     │ 224                     │
├──────────────────┼─────────────────────────┤
│ Image Width      │ 224                     │
├──────────────────┼─────────────────────────┤
│ Pin Memory       │ True                    │
├──────────────────┼─────────────────────────┤
│ Load Model       │ True                    │
├──────────────────┼─────────────────────────┤
│ Save Model       │ True                    │
├──────────────────┼─────────────────────────┤
│ Download Dataset │ False                   │
├──────────────────┼─────────────────────────┤
│ Model Name       │ DINOV2                  │
├──────────────────┼─────────────────────────┤
│ Seed             │ 42                      │
├──────────────────┼─────────────────────────┤
│ Task Name        │ MIT-20-Synthetic        │
├──────────────────┼─────────────────────────┤
│ GPU              │ Tesla T4                │
├──────────────────┼─────────────────────────┤
│ Torch            │ 2.10.0+cu128            │
├──────────────────┼─────────────────────────┤
│ Torchvision      │ 0.25.0+cu128            │
├──────────────────┼─────────────────────────┤
│ Checkpoint Name  │ DINOV2_MIT-20-Synthetic │
╘══════════════════╧═════════════════════════╛
using MLP layer as FFN
╒═════════════════╤═══════════════╤══════════╕
│ Builded Model   │ #Parameters   │ Device   │
╞═════════════════╪═══════════════╪══════════╡
│ DINOV2          │ 1.78 M        │ cuda     │
╘═════════════════╧═══════════════╧══════════╛
Loading Checkpoint...


**************************************************
Best Acc Over Validation Set: 93.83
Best Epoch: 10
**************************************************
Inference Phase
**************************************************
Final Test ---> Loss = 1.1542 , Macro Accuracy = 68.75
Per-class accuracies:
  Class 0: 50.00%
  Class 1: 65.00%
  Class 2: 75.00%
  Class 3: 90.00%
  Class 4: 100.00%
  Class 5: 50.00%
  Class 6: 60.00%
  Class 7: 80.00%
  Class 8: 85.00%
  Class 9: 35.00%
  Class 10: 100.00%
  Class 11: 75.00%
  Class 12: 65.00%
  Class 13: 95.00%
  Class 14: 50.00%
  Class 15: 65.00%
  Class 16: 60.00%
  Class 17: 50.00%
  Class 18: 75.00%
  Class 19: 50.00%
**************************************************


Logging Directory: ./logs/logging
╒══════════════════╤═════════════════════════╕
│ Hyperparameter   │ Value                   │
╞══════════════════╪═════════════════════════╡
│ Learning Rate    │ 0.01                    │
├──────────────────┼─────────────────────────┤
│ Num Classes      │ 20                      │
├──────────────────┼─────────────────────────┤
│ Device           │ cuda                    │
├──────────────────┼─────────────────────────┤
│ Batch Size       │ 64                      │
├──────────────────┼─────────────────────────┤
│ POLY_LR          │ True                    │
├──────────────────┼─────────────────────────┤
│ Num Epochs       │ 10                      │
├──────────────────┼─────────────────────────┤
│ Num Workers      │ 4                       │
├──────────────────┼─────────────────────────┤
│ Image Height     │ 224                     │
├──────────────────┼─────────────────────────┤
│ Image Width      │ 224                     │
├──────────────────┼─────────────────────────┤
│ Pin Memory       │ True                    │
├──────────────────┼─────────────────────────┤
│ Load Model       │ True                    │
├──────────────────┼─────────────────────────┤
│ Save Model       │ True                    │
├──────────────────┼─────────────────────────┤
│ Download Dataset │ False                   │
├──────────────────┼─────────────────────────┤
│ Model Name       │ DINOV2                  │
├──────────────────┼─────────────────────────┤
│ Seed             │ 42                      │
├──────────────────┼─────────────────────────┤
│ Task Name        │ MIT-20-Synthetic        │
├──────────────────┼─────────────────────────┤
│ GPU              │ Tesla T4                │
├──────────────────┼─────────────────────────┤
│ Torch            │ 2.10.0+cu128            │
├──────────────────┼─────────────────────────┤
│ Torchvision      │ 0.25.0+cu128            │
├──────────────────┼─────────────────────────┤
│ Checkpoint Name  │ DINOV2_MIT-20-Synthetic │
╘══════════════════╧═════════════════════════╛
using MLP layer as FFN
╒═════════════════╤═══════════════╤══════════╕
│ Builded Model   │ #Parameters   │ Device   │
╞═════════════════╪═══════════════╪══════════╡
│ DINOV2          │ 1.78 M        │ cuda     │
╘═════════════════╧═══════════════╧══════════╛
Loading Checkpoint...


**************************************************
Best Acc Over Validation Set: 93.83
Best Epoch: 10
**************************************************
Inference Phase
**************************************************
Final Test ---> Loss = 0.6126 , Macro Accuracy = 79.50
Per-class accuracies:
  Class 0: 75.00%
  Class 1: 90.00%
  Class 2: 85.00%
  Class 3: 95.00%
  Class 4: 95.00%
  Class 5: 70.00%
  Class 6: 65.00%
  Class 7: 70.00%
  Class 8: 95.00%
  Class 9: 20.00%
  Class 10: 100.00%
  Class 11: 65.00%
  Class 12: 90.00%
  Class 13: 95.00%
  Class 14: 30.00%
  Class 15: 90.00%
  Class 16: 90.00%
  Class 17: 85.00%
  Class 18: 85.00%
  Class 19: 100.00%
**************************************************


Logging Directory: ./logs/logging
Logging Directory: ./logs/logging
╒══════════════════╤═══════════════╕
│ Hyperparameter   │ Value         │
╞══════════════════╪═══════════════╡
│ Learning Rate    │ 0.01          │
├──────────────────┼───────────────┤
│ Num Classes      │ 67            │
├──────────────────┼───────────────┤
│ Device           │ cuda          │
├──────────────────┼───────────────┤
│ Batch Size       │ 64            │
├──────────────────┼───────────────┤
│ POLY_LR          │ True          │
├──────────────────┼───────────────┤
│ Num Epochs       │ 10            │
├──────────────────┼───────────────┤
│ Num Workers      │ 4             │
├──────────────────┼───────────────┤
│ Image Height     │ 224           │
├──────────────────┼───────────────┤
│ Image Width      │ 224           │
├──────────────────┼───────────────┤
│ Pin Memory       │ True          │
├──────────────────┼───────────────┤
│ Load Model       │ True          │
├──────────────────┼───────────────┤
│ Save Model       │ True          │
├──────────────────┼───────────────┤
│ Download Dataset │ False         │
├──────────────────┼───────────────┤
│ Model Name       │ DINOV2        │
├──────────────────┼───────────────┤
│ Seed             │ 42            │
├──────────────────┼───────────────┤
│ Task Name        │ MIT-67        │
├──────────────────┼───────────────┤
│ GPU              │ Tesla T4      │
├──────────────────┼───────────────┤
│ Torch            │ 2.10.0+cu128  │
├──────────────────┼───────────────┤
│ Torchvision      │ 0.25.0+cu128  │
├──────────────────┼───────────────┤
│ Checkpoint Name  │ DINOV2_MIT-67 │
╘══════════════════╧═══════════════╛
using MLP layer as FFN
╒═════════════════╤═══════════════╤══════════╕
│ Builded Model   │ #Parameters   │ Device   │
╞═════════════════╪═══════════════╪══════════╡
│ DINOV2          │ 0.03 M        │ cuda     │
╘═════════════════╧═══════════════╧══════════╛
Loading Checkpoint...
No Such file : /content/drive/MyDrive/checkpoint/DINOV2_MIT-67_best.pth


**************************************************
Training Phase
**************************************************
Epoch: 1 ---> Train , Loss = 0.7305, Accuracy = 81.94 , lr = 0.009095325760829612
Epoch: 2 ---> Train , Loss = 0.2732, Accuracy = 92.54 , lr = 0.008180521460508565
Epoch: 3 ---> Train , Loss = 0.2286, Accuracy = 93.25 , lr = 0.007254178469372182
Epoch: 4 ---> Train , Loss = 0.2097, Accuracy = 94.25 , lr = 0.0063144586748935345
Epoch: 5 ---> Train , Loss = 0.1988, Accuracy = 94.25 , lr = 0.005358867312681448
Epoch: 6 ---> Train , Loss = 0.1846, Accuracy = 94.78 , lr = 0.004383832905540856
Epoch: 7 ---> Train , Loss = 0.1800, Accuracy = 94.86 , lr = 0.0033838346190164896
Epoch: 8 ---> Train , Loss = 0.1859, Accuracy = 94.61 , lr = 0.002349237886176031
Epoch: 9 ---> Train , Loss = 0.1673, Accuracy = 95.28 , lr = 0.001258925411794162
Epoch: 10 ---> Train , Loss = 0.1696, Accuracy = 95.26 , lr = 0.0
**************************************************
Best Acc Over Validation Set: 95.28
Best Epoch: 9
**************************************************
Inference Phase
**************************************************
Final Test ---> Loss = 0.0335 , Macro Accuracy = 99.33
Per-class accuracies:
  Class 0: 100.00%
  Class 1: 100.00%
  Class 2: 96.67%
  Class 3: 100.00%
  Class 4: 100.00%
  Class 5: 98.33%
  Class 6: 100.00%
  Class 7: 100.00%
  Class 8: 100.00%
  Class 9: 100.00%
  Class 10: 100.00%
  Class 11: 100.00%
  Class 12: 100.00%
  Class 13: 98.33%
  Class 14: 98.33%
  Class 15: 100.00%
  Class 16: 100.00%
  Class 17: 98.33%
  Class 18: 95.00%
  Class 19: 100.00%
  Class 20: 95.00%
  Class 21: 100.00%
  Class 22: 100.00%
  Class 23: 100.00%
  Class 24: 96.67%
  Class 25: 100.00%
  Class 26: 100.00%
  Class 27: 100.00%
  Class 28: 100.00%
  Class 29: 100.00%
  Class 30: 100.00%
  Class 31: 100.00%
  Class 32: 100.00%
  Class 33: 100.00%
  Class 34: 100.00%
  Class 35: 100.00%
  Class 36: 98.33%
  Class 37: 100.00%
  Class 38: 100.00%
  Class 39: 100.00%
  Class 40: 98.33%
  Class 41: 100.00%
  Class 42: 95.00%
  Class 43: 100.00%
  Class 44: 100.00%
  Class 45: 100.00%
  Class 46: 100.00%
  Class 47: 100.00%
  Class 48: 100.00%
  Class 49: 100.00%
  Class 50: 100.00%
  Class 51: 100.00%
  Class 52: 100.00%
  Class 53: 100.00%
  Class 54: 98.33%
  Class 55: 100.00%
  Class 56: 98.33%
  Class 57: 100.00%
  Class 58: 98.33%
  Class 59: 100.00%
  Class 60: 100.00%
  Class 61: 95.00%
  Class 62: 100.00%
  Class 63: 100.00%
  Class 64: 96.67%
  Class 65: 100.00%
  Class 66: 100.00%
**************************************************


Logging Directory: ./logs/logging
╒══════════════════╤═══════════════╕
│ Hyperparameter   │ Value         │
╞══════════════════╪═══════════════╡
│ Learning Rate    │ 0.01          │
├──────────────────┼───────────────┤
│ Num Classes      │ 67            │
├──────────────────┼───────────────┤
│ Device           │ cuda          │
├──────────────────┼───────────────┤
│ Batch Size       │ 64            │
├──────────────────┼───────────────┤
│ POLY_LR          │ True          │
├──────────────────┼───────────────┤
│ Num Epochs       │ 10            │
├──────────────────┼───────────────┤
│ Num Workers      │ 4             │
├──────────────────┼───────────────┤
│ Image Height     │ 224           │
├──────────────────┼───────────────┤
│ Image Width      │ 224           │
├──────────────────┼───────────────┤
│ Pin Memory       │ True          │
├──────────────────┼───────────────┤
│ Load Model       │ True          │
├──────────────────┼───────────────┤
│ Save Model       │ True          │
├──────────────────┼───────────────┤
│ Download Dataset │ False         │
├──────────────────┼───────────────┤
│ Model Name       │ DINOV2        │
├──────────────────┼───────────────┤
│ Seed             │ 42            │
├──────────────────┼───────────────┤
│ Task Name        │ MIT-67        │
├──────────────────┼───────────────┤
│ GPU              │ Tesla T4      │
├──────────────────┼───────────────┤
│ Torch            │ 2.10.0+cu128  │
├──────────────────┼───────────────┤
│ Torchvision      │ 0.25.0+cu128  │
├──────────────────┼───────────────┤
│ Checkpoint Name  │ DINOV2_MIT-67 │
╘══════════════════╧═══════════════╛
using MLP layer as FFN
╒═════════════════╤═══════════════╤══════════╕
│ Builded Model   │ #Parameters   │ Device   │
╞═════════════════╪═══════════════╪══════════╡
│ DINOV2          │ 0.03 M        │ cuda     │
╘═════════════════╧═══════════════╧══════════╛
Loading Checkpoint...


**************************************************
Best Acc Over Validation Set: 95.28
Best Epoch: 9
**************************************************
Inference Phase
**************************************************
Final Test ---> Loss = 0.9045 , Macro Accuracy = 73.82
Per-class accuracies:
  Class 0: 50.00%
  Class 1: 80.00%
  Class 2: 33.33%
  Class 3: 68.42%
  Class 4: 83.33%
  Class 5: 83.33%
  Class 6: 85.71%
  Class 7: 75.00%
  Class 8: 85.00%
  Class 9: 85.00%
  Class 10: 68.42%
  Class 11: 22.22%
  Class 12: 89.47%
  Class 13: 94.44%
  Class 14: 90.00%
  Class 15: 88.89%
  Class 16: 88.89%
  Class 17: 33.33%
  Class 18: 70.00%
  Class 19: 61.90%
  Class 20: 36.84%
  Class 21: 47.62%
  Class 22: 88.89%
  Class 23: 90.48%
  Class 24: 29.41%
  Class 25: 94.74%
  Class 26: 65.00%
  Class 27: 83.33%
  Class 28: 100.00%
  Class 29: 66.67%
  Class 30: 100.00%
  Class 31: 52.38%
  Class 32: 60.00%
  Class 33: 86.96%
  Class 34: 95.24%
  Class 35: 40.91%
  Class 36: 75.00%
  Class 37: 95.24%
  Class 38: 77.27%
  Class 39: 71.43%
  Class 40: 45.00%
  Class 41: 90.00%
  Class 42: 50.00%
  Class 43: 61.90%
  Class 44: 80.00%
  Class 45: 72.73%
  Class 46: 55.00%
  Class 47: 65.22%
  Class 48: 78.95%
  Class 49: 57.14%
  Class 50: 63.16%
  Class 51: 90.00%
  Class 52: 90.00%
  Class 53: 90.00%
  Class 54: 50.00%
  Class 55: 91.30%
  Class 56: 57.89%
  Class 57: 100.00%
  Class 58: 94.74%
  Class 59: 95.24%
  Class 60: 95.45%
  Class 61: 78.95%
  Class 62: 83.33%
  Class 63: 68.18%
  Class 64: 66.67%
  Class 65: 80.95%
  Class 66: 100.00%
**************************************************


Logging Directory: ./logs/logging
╒══════════════════╤═══════════════╕
│ Hyperparameter   │ Value         │
╞══════════════════╪═══════════════╡
│ Learning Rate    │ 0.01          │
├──────────────────┼───────────────┤
│ Num Classes      │ 67            │
├──────────────────┼───────────────┤
│ Device           │ cuda          │
├──────────────────┼───────────────┤
│ Batch Size       │ 64            │
├──────────────────┼───────────────┤
│ POLY_LR          │ True          │
├──────────────────┼───────────────┤
│ Num Epochs       │ 10            │
├──────────────────┼───────────────┤
│ Num Workers      │ 4             │
├──────────────────┼───────────────┤
│ Image Height     │ 224           │
├──────────────────┼───────────────┤
│ Image Width      │ 224           │
├──────────────────┼───────────────┤
│ Pin Memory       │ True          │
├──────────────────┼───────────────┤
│ Load Model       │ True          │
├──────────────────┼───────────────┤
│ Save Model       │ True          │
├──────────────────┼───────────────┤
│ Download Dataset │ False         │
├──────────────────┼───────────────┤
│ Model Name       │ DINOV2        │
├──────────────────┼───────────────┤
│ Seed             │ 42            │
├──────────────────┼───────────────┤
│ Task Name        │ MIT-67        │
├──────────────────┼───────────────┤
│ GPU              │ Tesla T4      │
├──────────────────┼───────────────┤
│ Torch            │ 2.10.0+cu128  │
├──────────────────┼───────────────┤
│ Torchvision      │ 0.25.0+cu128  │
├──────────────────┼───────────────┤
│ Checkpoint Name  │ DINOV2_MIT-67 │
╘══════════════════╧═══════════════╛
using MLP layer as FFN
╒═════════════════╤═══════════════╤══════════╕
│ Builded Model   │ #Parameters   │ Device   │
╞═════════════════╪═══════════════╪══════════╡
│ DINOV2          │ 0.03 M        │ cuda     │
╘═════════════════╧═══════════════╧══════════╛
Loading Checkpoint...


**************************************************
Best Acc Over Validation Set: 95.28
Best Epoch: 9
**************************************************
Inference Phase
**************************************************
Final Test ---> Loss = 0.9045 , Macro Accuracy = 73.82
Per-class accuracies:
  Class 0: 50.00%
  Class 1: 80.00%
  Class 2: 33.33%
  Class 3: 68.42%
  Class 4: 83.33%
  Class 5: 83.33%
  Class 6: 85.71%
  Class 7: 75.00%
  Class 8: 85.00%
  Class 9: 85.00%
  Class 10: 68.42%
  Class 11: 22.22%
  Class 12: 89.47%
  Class 13: 94.44%
  Class 14: 90.00%
  Class 15: 88.89%
  Class 16: 88.89%
  Class 17: 33.33%
  Class 18: 70.00%
  Class 19: 61.90%
  Class 20: 36.84%
  Class 21: 47.62%
  Class 22: 88.89%
  Class 23: 90.48%
  Class 24: 29.41%
  Class 25: 94.74%
  Class 26: 65.00%
  Class 27: 83.33%
  Class 28: 100.00%
  Class 29: 66.67%
  Class 30: 100.00%
  Class 31: 52.38%
  Class 32: 60.00%
  Class 33: 86.96%
  Class 34: 95.24%
  Class 35: 40.91%
  Class 36: 75.00%
  Class 37: 95.24%
  Class 38: 77.27%
  Class 39: 71.43%
  Class 40: 45.00%
  Class 41: 90.00%
  Class 42: 50.00%
  Class 43: 61.90%
  Class 44: 80.00%
  Class 45: 72.73%
  Class 46: 55.00%
  Class 47: 65.22%
  Class 48: 78.95%
  Class 49: 57.14%
  Class 50: 63.16%
  Class 51: 90.00%
  Class 52: 90.00%
  Class 53: 90.00%
  Class 54: 50.00%
  Class 55: 91.30%
  Class 56: 57.89%
  Class 57: 100.00%
  Class 58: 94.74%
  Class 59: 95.24%
  Class 60: 95.45%
  Class 61: 78.95%
  Class 62: 83.33%
  Class 63: 68.18%
  Class 64: 66.67%
  Class 65: 80.95%
  Class 66: 100.00%
Logging Directory: ./logs/logging
╒══════════════════╤═══════════════╕
│ Hyperparameter   │ Value         │
╞══════════════════╪═══════════════╡
│ Learning Rate    │ 0.01          │
├──────────────────┼───────────────┤
│ Num Classes      │ 67            │
├──────────────────┼───────────────┤
│ Device           │ cuda          │
├──────────────────┼───────────────┤
│ Batch Size       │ 64            │
├──────────────────┼───────────────┤
│ POLY_LR          │ True          │
├──────────────────┼───────────────┤
│ Num Epochs       │ 10            │
├──────────────────┼───────────────┤
│ Num Workers      │ 4             │
├──────────────────┼───────────────┤
│ Image Height     │ 224           │
├──────────────────┼───────────────┤
│ Image Width      │ 224           │
├──────────────────┼───────────────┤
│ Pin Memory       │ True          │
├──────────────────┼───────────────┤
│ Load Model       │ True          │
├──────────────────┼───────────────┤
│ Save Model       │ True          │
├──────────────────┼───────────────┤
│ Download Dataset │ False         │
├──────────────────┼───────────────┤
│ Model Name       │ DINOV2        │
├──────────────────┼───────────────┤
│ Seed             │ 42            │
├──────────────────┼───────────────┤
│ Task Name        │ MIT-67        │
├──────────────────┼───────────────┤
│ GPU              │ Tesla T4      │
├──────────────────┼───────────────┤
│ Torch            │ 2.10.0+cu128  │
├──────────────────┼───────────────┤
│ Torchvision      │ 0.25.0+cu128  │
├──────────────────┼───────────────┤
│ Checkpoint Name  │ DINOV2_MIT-67 │
╘══════════════════╧═══════════════╛
using MLP layer as FFN
╒═════════════════╤═══════════════╤══════════╕
│ Builded Model   │ #Parameters   │ Device   │
╞═════════════════╪═══════════════╪══════════╡
│ DINOV2          │ 0.03 M        │ cuda     │
╘═════════════════╧═══════════════╧══════════╛
Loading Checkpoint...


**************************************************
Best Acc Over Validation Set: 95.28
Best Epoch: 9
**************************************************
Inference Phase
**************************************************
Final Test ---> Loss = 0.9045 , Macro Accuracy = 73.82
Per-class accuracies:
Logging Directory: ./logs/logging
╒══════════════════╤═══════════════╕
│ Hyperparameter   │ Value         │
╞══════════════════╪═══════════════╡
│ Learning Rate    │ 0.01          │
├──────────────────┼───────────────┤
│ Num Classes      │ 67            │
├──────────────────┼───────────────┤
│ Device           │ cuda          │
├──────────────────┼───────────────┤
│ Batch Size       │ 64            │
├──────────────────┼───────────────┤
│ POLY_LR          │ True          │
├──────────────────┼───────────────┤
│ Num Epochs       │ 10            │
├──────────────────┼───────────────┤
│ Num Workers      │ 4             │
├──────────────────┼───────────────┤
│ Image Height     │ 224           │
├──────────────────┼───────────────┤
│ Image Width      │ 224           │
├──────────────────┼───────────────┤
│ Pin Memory       │ True          │
├──────────────────┼───────────────┤
│ Load Model       │ True          │
├──────────────────┼───────────────┤
│ Save Model       │ True          │
├──────────────────┼───────────────┤
│ Download Dataset │ False         │
├──────────────────┼───────────────┤
│ Model Name       │ DINOV2        │
├──────────────────┼───────────────┤
│ Seed             │ 42            │
├──────────────────┼───────────────┤
│ Task Name        │ MIT-67        │
├──────────────────┼───────────────┤
│ GPU              │ Tesla T4      │
├──────────────────┼───────────────┤
│ Torch            │ 2.10.0+cu128  │
├──────────────────┼───────────────┤
│ Torchvision      │ 0.25.0+cu128  │
├──────────────────┼───────────────┤
│ Checkpoint Name  │ DINOV2_MIT-67 │
╘══════════════════╧═══════════════╛
using MLP layer as FFN
╒═════════════════╤═══════════════╤══════════╕
│ Builded Model   │ #Parameters   │ Device   │
╞═════════════════╪═══════════════╪══════════╡
│ DINOV2          │ 0.03 M        │ cuda     │
╘═════════════════╧═══════════════╧══════════╛
Loading Checkpoint...


**************************************************
Best Acc Over Validation Set: 95.28
Best Epoch: 9
**************************************************
Inference Phase
**************************************************
Final Test ---> Loss = 0.9045 , Macro Accuracy = 73.82
Per-class accuracies:
**************************************************


Logging Directory: ./logs/logging
╒══════════════════╤═══════════════╕
│ Hyperparameter   │ Value         │
╞══════════════════╪═══════════════╡
│ Learning Rate    │ 0.01          │
├──────────────────┼───────────────┤
│ Num Classes      │ 40            │
├──────────────────┼───────────────┤
│ Device           │ cuda          │
├──────────────────┼───────────────┤
│ Batch Size       │ 64            │
├──────────────────┼───────────────┤
│ POLY_LR          │ True          │
├──────────────────┼───────────────┤
│ Num Epochs       │ 10            │
├──────────────────┼───────────────┤
│ Num Workers      │ 4             │
├──────────────────┼───────────────┤
│ Image Height     │ 224           │
├──────────────────┼───────────────┤
│ Image Width      │ 224           │
├──────────────────┼───────────────┤
│ Pin Memory       │ True          │
├──────────────────┼───────────────┤
│ Load Model       │ True          │
├──────────────────┼───────────────┤
│ Save Model       │ True          │
├──────────────────┼───────────────┤
│ Download Dataset │ False         │
├──────────────────┼───────────────┤
│ Model Name       │ DINOV2        │
├──────────────────┼───────────────┤
│ Seed             │ 42            │
├──────────────────┼───────────────┤
│ Task Name        │ MIT-67        │
├──────────────────┼───────────────┤
│ GPU              │ Tesla T4      │
├──────────────────┼───────────────┤
│ Torch            │ 2.10.0+cu128  │
├──────────────────┼───────────────┤
│ Torchvision      │ 0.25.0+cu128  │
├──────────────────┼───────────────┤
│ Checkpoint Name  │ DINOV2_MIT-67 │
╘══════════════════╧═══════════════╛
using MLP layer as FFN
╒═════════════════╤═══════════════╤══════════╕
│ Builded Model   │ #Parameters   │ Device   │
╞═════════════════╪═══════════════╪══════════╡
│ DINOV2          │ 0.01 M        │ cuda     │
╘═════════════════╧═══════════════╧══════════╛
Loading Checkpoint...
No Such file : /content/drive/MyDrive/checkpoint/DINOV2_MIT-67_best.pth


**************************************************
Training Phase
**************************************************
Epoch: 1 ---> Train , Loss = 0.4834, Accuracy = 87.44 , lr = 0.009095325760829621
Epoch: 2 ---> Train , Loss = 0.1398, Accuracy = 96.27 , lr = 0.008180521460508587
Epoch: 3 ---> Train , Loss = 0.1186, Accuracy = 96.54 , lr = 0.007254178469372194
Epoch: 4 ---> Train , Loss = 0.0978, Accuracy = 97.27 , lr = 0.006314458674893547
Epoch: 5 ---> Train , Loss = 0.0915, Accuracy = 97.27 , lr = 0.00535886731268146
Epoch: 6 ---> Train , Loss = 0.0924, Accuracy = 97.18 , lr = 0.004383832905540865
Epoch: 7 ---> Train , Loss = 0.0867, Accuracy = 97.62 , lr = 0.0033838346190164965
Epoch: 8 ---> Train , Loss = 0.0799, Accuracy = 97.73 , lr = 0.002349237886176032
Epoch: 9 ---> Train , Loss = 0.0796, Accuracy = 97.68 , lr = 0.0012589254117941634
Epoch: 10 ---> Train , Loss = 0.0789, Accuracy = 97.89 , lr = 0.0
**************************************************
Best Acc Over Validation Set: 97.89
Best Epoch: 10
**************************************************
Inference Phase
**************************************************
Final Test ---> Loss = 0.3084 , Macro Accuracy = 91.90
Per-class accuracies:
**************************************************


Logging Directory: ./logs/logging
╒══════════════════╤═══════════════╕
│ Hyperparameter   │ Value         │
╞══════════════════╪═══════════════╡
│ Learning Rate    │ 0.01          │
├──────────────────┼───────────────┤
│ Num Classes      │ 40            │
├──────────────────┼───────────────┤
│ Device           │ cuda          │
├──────────────────┼───────────────┤
│ Batch Size       │ 64            │
├──────────────────┼───────────────┤
│ POLY_LR          │ True          │
├──────────────────┼───────────────┤
│ Num Epochs       │ 10            │
├──────────────────┼───────────────┤
│ Num Workers      │ 4             │
├──────────────────┼───────────────┤
│ Image Height     │ 224           │
├──────────────────┼───────────────┤
│ Image Width      │ 224           │
├──────────────────┼───────────────┤
│ Pin Memory       │ True          │
├──────────────────┼───────────────┤
│ Load Model       │ True          │
├──────────────────┼───────────────┤
│ Save Model       │ True          │
├──────────────────┼───────────────┤
│ Download Dataset │ False         │
├──────────────────┼───────────────┤
│ Model Name       │ DINOV2        │
├──────────────────┼───────────────┤
│ Seed             │ 42            │
├──────────────────┼───────────────┤
│ Task Name        │ MIT-67        │
├──────────────────┼───────────────┤
│ GPU              │ Tesla T4      │
├──────────────────┼───────────────┤
│ Torch            │ 2.10.0+cu128  │
├──────────────────┼───────────────┤
│ Torchvision      │ 0.25.0+cu128  │
├──────────────────┼───────────────┤
│ Checkpoint Name  │ DINOV2_MIT-67 │
╘══════════════════╧═══════════════╛
using MLP layer as FFN
╒═════════════════╤═══════════════╤══════════╕
│ Builded Model   │ #Parameters   │ Device   │
╞═════════════════╪═══════════════╪══════════╡
│ DINOV2          │ 0.01 M        │ cuda     │
╘═════════════════╧═══════════════╧══════════╛
Loading Checkpoint...
No Such file : /content/drive/MyDrive/checkpoint/DINOV2_MIT-67_best.pth


**************************************************
Training Phase
**************************************************
Epoch: 1 ---> Train , Loss = 1.5205, Accuracy = 60.61 , lr = 0.009095325760829626
Epoch: 2 ---> Train , Loss = 0.5474, Accuracy = 83.97 , lr = 0.008180521460508591
Epoch: 3 ---> Train , Loss = 0.5001, Accuracy = 84.85 , lr = 0.007254178469372202
Epoch: 4 ---> Train , Loss = 0.4424, Accuracy = 87.09 , lr = 0.006314458674893554
Epoch: 5 ---> Train , Loss = 0.4248, Accuracy = 87.29 , lr = 0.0053588673126814665
Epoch: 6 ---> Train , Loss = 0.4081, Accuracy = 87.99 , lr = 0.004383832905540867
Epoch: 7 ---> Train , Loss = 0.4145, Accuracy = 88.22 , lr = 0.003383834619016495
Epoch: 8 ---> Train , Loss = 0.3587, Accuracy = 89.52 , lr = 0.002349237886176036
Epoch: 9 ---> Train , Loss = 0.3592, Accuracy = 89.52 , lr = 0.0012589254117941668
Epoch: 10 ---> Train , Loss = 0.3533, Accuracy = 89.56 , lr = 0.0
**************************************************
Best Acc Over Validation Set: 89.56
Best Epoch: 10
**************************************************
Inference Phase
**************************************************
Final Test ---> Loss = 0.1152 , Macro Accuracy = 96.75
Per-class accuracies:
**************************************************


Logging Directory: ./logs/logging
Logging Directory: ./logs/logging
╒══════════════════╤═══════════════╕
│ Hyperparameter   │ Value         │
╞══════════════════╪═══════════════╡
│ Learning Rate    │ 0.01          │
├──────────────────┼───────────────┤
│ Num Classes      │ 40            │
├──────────────────┼───────────────┤
│ Device           │ cuda          │
├──────────────────┼───────────────┤
│ Batch Size       │ 64            │
├──────────────────┼───────────────┤
│ POLY_LR          │ True          │
├──────────────────┼───────────────┤
│ Num Epochs       │ 10            │
├──────────────────┼───────────────┤
│ Num Workers      │ 4             │
├──────────────────┼───────────────┤
│ Image Height     │ 224           │
├──────────────────┼───────────────┤
│ Image Width      │ 224           │
├──────────────────┼───────────────┤
│ Pin Memory       │ True          │
├──────────────────┼───────────────┤
│ Load Model       │ True          │
├──────────────────┼───────────────┤
│ Save Model       │ True          │
├──────────────────┼───────────────┤
│ Download Dataset │ False         │
├──────────────────┼───────────────┤
│ Model Name       │ DINOV2        │
├──────────────────┼───────────────┤
│ Seed             │ 42            │
├──────────────────┼───────────────┤
│ Task Name        │ MIT-67        │
├──────────────────┼───────────────┤
│ GPU              │ Tesla T4      │
├──────────────────┼───────────────┤
│ Torch            │ 2.10.0+cu128  │
├──────────────────┼───────────────┤
│ Torchvision      │ 0.25.0+cu128  │
├──────────────────┼───────────────┤
│ Checkpoint Name  │ DINOV2_MIT-67 │
╘══════════════════╧═══════════════╛
Logging Directory: ./logs/logging
╒══════════════════╤═══════════════╕
│ Hyperparameter   │ Value         │
╞══════════════════╪═══════════════╡
│ Learning Rate    │ 0.01          │
├──────────────────┼───────────────┤
│ Num Classes      │ 40            │
├──────────────────┼───────────────┤
│ Device           │ cuda          │
├──────────────────┼───────────────┤
│ Batch Size       │ 64            │
├──────────────────┼───────────────┤
│ POLY_LR          │ True          │
├──────────────────┼───────────────┤
│ Num Epochs       │ 10            │
├──────────────────┼───────────────┤
│ Num Workers      │ 4             │
├──────────────────┼───────────────┤
│ Image Height     │ 224           │
├──────────────────┼───────────────┤
│ Image Width      │ 224           │
├──────────────────┼───────────────┤
│ Pin Memory       │ True          │
├──────────────────┼───────────────┤
│ Load Model       │ True          │
├──────────────────┼───────────────┤
│ Save Model       │ True          │
├──────────────────┼───────────────┤
│ Download Dataset │ False         │
├──────────────────┼───────────────┤
│ Model Name       │ DINOV2        │
├──────────────────┼───────────────┤
│ Seed             │ 42            │
├──────────────────┼───────────────┤
│ Task Name        │ MIT-67        │
├──────────────────┼───────────────┤
│ GPU              │ Tesla T4      │
├──────────────────┼───────────────┤
│ Torch            │ 2.10.0+cu128  │
├──────────────────┼───────────────┤
│ Torchvision      │ 0.25.0+cu128  │
├──────────────────┼───────────────┤
│ Checkpoint Name  │ DINOV2_MIT-67 │
╘══════════════════╧═══════════════╛
using MLP layer as FFN
╒═════════════════╤═══════════════╤══════════╕
│ Builded Model   │ #Parameters   │ Device   │
╞═════════════════╪═══════════════╪══════════╡
│ DINOV2          │ 0.02 M        │ cuda     │
╘═════════════════╧═══════════════╧══════════╛
Loading Checkpoint...
No Such file : /content/drive/MyDrive/checkpoint/DINOV2_MIT-67_best.pth


**************************************************
Training Phase
**************************************************
Epoch: 1 ---> Train , Loss = 1.0959, Accuracy = 72.11 , lr = 0.009095325760829626
Epoch: 2 ---> Train , Loss = 0.1967, Accuracy = 94.21 , lr = 0.008180521460508591
Epoch: 3 ---> Train , Loss = 0.1682, Accuracy = 95.53 , lr = 0.007254178469372202
Epoch: 4 ---> Train , Loss = 0.1304, Accuracy = 96.68 , lr = 0.006314458674893554
Epoch: 5 ---> Train , Loss = 0.1302, Accuracy = 96.61 , lr = 0.0053588673126814665
Epoch: 6 ---> Train , Loss = 0.1110, Accuracy = 97.01 , lr = 0.004383832905540867
Epoch: 7 ---> Train , Loss = 0.1178, Accuracy = 96.74 , lr = 0.003383834619016495
Epoch: 8 ---> Train , Loss = 0.1087, Accuracy = 97.11 , lr = 0.002349237886176036
Epoch: 9 ---> Train , Loss = 0.1091, Accuracy = 97.04 , lr = 0.0012589254117941668
Epoch: 10 ---> Train , Loss = 0.1046, Accuracy = 97.57 , lr = 0.0
**************************************************
Best Acc Over Validation Set: 97.57
Best Epoch: 10
**************************************************
Inference Phase
**************************************************
Final Test ---> Loss = 0.3464 , Macro Accuracy = 90.50
Per-class accuracies:
**************************************************


Logging Directory: ./logs/logging
╒══════════════════╤═══════════════╕
│ Hyperparameter   │ Value         │
╞══════════════════╪═══════════════╡
│ Learning Rate    │ 0.01          │
├──────────────────┼───────────────┤
│ Num Classes      │ 40            │
├──────────────────┼───────────────┤
│ Device           │ cuda          │
├──────────────────┼───────────────┤
│ Batch Size       │ 64            │
├──────────────────┼───────────────┤
│ POLY_LR          │ True          │
├──────────────────┼───────────────┤
│ Num Epochs       │ 10            │
├──────────────────┼───────────────┤
│ Num Workers      │ 4             │
├──────────────────┼───────────────┤
│ Image Height     │ 224           │
├──────────────────┼───────────────┤
│ Image Width      │ 224           │
├──────────────────┼───────────────┤
│ Pin Memory       │ True          │
├──────────────────┼───────────────┤
│ Load Model       │ True          │
├──────────────────┼───────────────┤
│ Save Model       │ True          │
├──────────────────┼───────────────┤
│ Download Dataset │ False         │
├──────────────────┼───────────────┤
│ Model Name       │ DINOV2        │
├──────────────────┼───────────────┤
│ Seed             │ 42            │
├──────────────────┼───────────────┤
│ Task Name        │ MIT-67        │
├──────────────────┼───────────────┤
│ GPU              │ Tesla T4      │
├──────────────────┼───────────────┤
│ Torch            │ 2.10.0+cu128  │
├──────────────────┼───────────────┤
│ Torchvision      │ 0.25.0+cu128  │
├──────────────────┼───────────────┤
│ Checkpoint Name  │ DINOV2_MIT-67 │
╘══════════════════╧═══════════════╛
using MLP layer as FFN
╒═════════════════╤═══════════════╤══════════╕
│ Builded Model   │ #Parameters   │ Device   │
╞═════════════════╪═══════════════╪══════════╡
│ DINOV2          │ 0.02 M        │ cuda     │
╘═════════════════╧═══════════════╧══════════╛
Loading Checkpoint...
No Such file : /content/drive/MyDrive/checkpoint/DINOV2_MIT-67_best.pth


**************************************************
Training Phase
**************************************************
Epoch: 1 ---> Train , Loss = 0.6586, Accuracy = 83.67 , lr = 0.00909532576082962
Epoch: 2 ---> Train , Loss = 0.1482, Accuracy = 96.43 , lr = 0.008180521460508575
Epoch: 3 ---> Train , Loss = 0.1320, Accuracy = 96.56 , lr = 0.007254178469372195
Epoch: 4 ---> Train , Loss = 0.1156, Accuracy = 96.89 , lr = 0.006314458674893546
Epoch: 5 ---> Train , Loss = 0.1076, Accuracy = 96.86 , lr = 0.005358867312681462
Epoch: 6 ---> Train , Loss = 0.0943, Accuracy = 97.27 , lr = 0.0043838329055408635
Epoch: 7 ---> Train , Loss = 0.0916, Accuracy = 97.63 , lr = 0.003383834619016496
Epoch: 8 ---> Train , Loss = 0.0844, Accuracy = 97.58 , lr = 0.002349237886176034
Epoch: 9 ---> Train , Loss = 0.0946, Accuracy = 97.30 , lr = 0.0012589254117941655
Epoch: 10 ---> Train , Loss = 0.0832, Accuracy = 97.66 , lr = 0.0
**************************************************
Best Acc Over Validation Set: 97.66
Best Epoch: 10
**************************************************
Inference Phase
**************************************************
Final Test ---> Loss = 0.3189 , Macro Accuracy = 90.78
Per-class accuracies:
**************************************************


Logging Directory: ./logs/logging
╒══════════════════╤═══════════════╕
│ Hyperparameter   │ Value         │
╞══════════════════╪═══════════════╡
│ Learning Rate    │ 0.01          │
├──────────────────┼───────────────┤
│ Num Classes      │ 40            │
├──────────────────┼───────────────┤
│ Device           │ cuda          │
├──────────────────┼───────────────┤
│ Batch Size       │ 64            │
├──────────────────┼───────────────┤
│ POLY_LR          │ True          │
├──────────────────┼───────────────┤
│ Num Epochs       │ 10            │
├──────────────────┼───────────────┤
│ Num Workers      │ 4             │
├──────────────────┼───────────────┤
│ Image Height     │ 224           │
├──────────────────┼───────────────┤
│ Image Width      │ 224           │
├──────────────────┼───────────────┤
│ Pin Memory       │ True          │
├──────────────────┼───────────────┤
│ Load Model       │ True          │
├──────────────────┼───────────────┤
│ Save Model       │ True          │
├──────────────────┼───────────────┤
│ Download Dataset │ False         │
├──────────────────┼───────────────┤
│ Model Name       │ DINOV2        │
├──────────────────┼───────────────┤
│ Seed             │ 42            │
├──────────────────┼───────────────┤
│ Task Name        │ MIT-67        │
├──────────────────┼───────────────┤
│ GPU              │ Tesla T4      │
├──────────────────┼───────────────┤
│ Torch            │ 2.10.0+cu128  │
├──────────────────┼───────────────┤
│ Torchvision      │ 0.25.0+cu128  │
├──────────────────┼───────────────┤
│ Checkpoint Name  │ DINOV2_MIT-67 │
╘══════════════════╧═══════════════╛
using MLP layer as FFN
╒═════════════════╤═══════════════╤══════════╕
│ Builded Model   │ #Parameters   │ Device   │
╞═════════════════╪═══════════════╪══════════╡
│ DINOV2          │ 0.02 M        │ cuda     │
╘═════════════════╧═══════════════╧══════════╛
Loading Checkpoint...
No Such file : /content/drive/MyDrive/checkpoint/DINOV2_MIT-67_best.pth


**************************************************
Training Phase
**************************************************
Epoch: 1 ---> Train , Loss = 1.8775, Accuracy = 52.63 , lr = 0.009095325760829625
Epoch: 2 ---> Train , Loss = 0.3044, Accuracy = 92.70 , lr = 0.008180521460508579
Epoch: 3 ---> Train , Loss = 0.1998, Accuracy = 94.34 , lr = 0.007254178469372195
Epoch: 4 ---> Train , Loss = 0.1569, Accuracy = 96.51 , lr = 0.006314458674893551
Epoch: 5 ---> Train , Loss = 0.1687, Accuracy = 95.92 , lr = 0.005358867312681463
Epoch: 6 ---> Train , Loss = 0.1218, Accuracy = 97.04 , lr = 0.004383832905540869
Epoch: 7 ---> Train , Loss = 0.1469, Accuracy = 95.86 , lr = 0.0033838346190164987
Epoch: 8 ---> Train , Loss = 0.1378, Accuracy = 96.71 , lr = 0.0023492378861760376
Epoch: 9 ---> Train , Loss = 0.1275, Accuracy = 97.17 , lr = 0.0012589254117941668
Epoch: 10 ---> Train , Loss = 0.1137, Accuracy = 97.11 , lr = 0.0
**************************************************
Best Acc Over Validation Set: 97.17
Best Epoch: 9
**************************************************
Inference Phase
**************************************************
Final Test ---> Loss = 0.3681 , Macro Accuracy = 89.71
Per-class accuracies:
**************************************************


Logging Directory: ./logs/logging
╒══════════════════╤═══════════════╕
│ Hyperparameter   │ Value         │
╞══════════════════╪═══════════════╡
│ Learning Rate    │ 0.01          │
├──────────────────┼───────────────┤
│ Num Classes      │ 40            │
├──────────────────┼───────────────┤
│ Device           │ cuda          │
├──────────────────┼───────────────┤
│ Batch Size       │ 64            │
├──────────────────┼───────────────┤
│ POLY_LR          │ True          │
├──────────────────┼───────────────┤
│ Num Epochs       │ 10            │
├──────────────────┼───────────────┤
│ Num Workers      │ 4             │
├──────────────────┼───────────────┤
│ Image Height     │ 224           │
├──────────────────┼───────────────┤
│ Image Width      │ 224           │
├──────────────────┼───────────────┤
│ Pin Memory       │ True          │
├──────────────────┼───────────────┤
│ Load Model       │ True          │
├──────────────────┼───────────────┤
│ Save Model       │ True          │
├──────────────────┼───────────────┤
│ Download Dataset │ False         │
├──────────────────┼───────────────┤
│ Model Name       │ DINOV2        │
├──────────────────┼───────────────┤
│ Seed             │ 42            │
├──────────────────┼───────────────┤
│ Task Name        │ MIT-67        │
├──────────────────┼───────────────┤
│ GPU              │ Tesla T4      │
├──────────────────┼───────────────┤
│ Torch            │ 2.10.0+cu128  │
├──────────────────┼───────────────┤
│ Torchvision      │ 0.25.0+cu128  │
├──────────────────┼───────────────┤
│ Checkpoint Name  │ DINOV2_MIT-67 │
╘══════════════════╧═══════════════╛
using MLP layer as FFN
╒═════════════════╤═══════════════╤══════════╕
│ Builded Model   │ #Parameters   │ Device   │
╞═════════════════╪═══════════════╪══════════╡
│ DINOV2          │ 0.02 M        │ cuda     │
╘═════════════════╧═══════════════╧══════════╛
Loading Checkpoint...
No Such file : /content/drive/MyDrive/checkpoint/DINOV2_MIT-67_best.pth


**************************************************
Training Phase
**************************************************
Epoch: 1 ---> Train , Loss = 1.8775, Accuracy = 52.63 , lr = 0.009095325760829625
Epoch: 2 ---> Train , Loss = 0.3044, Accuracy = 92.70 , lr = 0.008180521460508579
Epoch: 3 ---> Train , Loss = 0.1998, Accuracy = 94.34 , lr = 0.007254178469372195
Epoch: 4 ---> Train , Loss = 0.1569, Accuracy = 96.51 , lr = 0.006314458674893551
Epoch: 5 ---> Train , Loss = 0.1687, Accuracy = 95.92 , lr = 0.005358867312681463
Logging Directory: ./logs/logging
╒══════════════════╤═══════════════╕
│ Hyperparameter   │ Value         │
╞══════════════════╪═══════════════╡
│ Learning Rate    │ 0.01          │
├──────────────────┼───────────────┤
│ Num Classes      │ 40            │
├──────────────────┼───────────────┤
│ Device           │ cuda          │
├──────────────────┼───────────────┤
│ Batch Size       │ 64            │
├──────────────────┼───────────────┤
│ POLY_LR          │ True          │
├──────────────────┼───────────────┤
│ Num Epochs       │ 10            │
├──────────────────┼───────────────┤
│ Num Workers      │ 4             │
├──────────────────┼───────────────┤
│ Image Height     │ 224           │
├──────────────────┼───────────────┤
│ Image Width      │ 224           │
├──────────────────┼───────────────┤
│ Pin Memory       │ True          │
├──────────────────┼───────────────┤
│ Load Model       │ True          │
├──────────────────┼───────────────┤
│ Save Model       │ True          │
├──────────────────┼───────────────┤
│ Download Dataset │ False         │
├──────────────────┼───────────────┤
│ Model Name       │ DINOV2        │
├──────────────────┼───────────────┤
│ Seed             │ 42            │
├──────────────────┼───────────────┤
│ Task Name        │ MIT-67        │
├──────────────────┼───────────────┤
│ GPU              │ Tesla T4      │
├──────────────────┼───────────────┤
│ Torch            │ 2.10.0+cu128  │
├──────────────────┼───────────────┤
│ Torchvision      │ 0.25.0+cu128  │
├──────────────────┼───────────────┤
│ Checkpoint Name  │ DINOV2_MIT-67 │
╘══════════════════╧═══════════════╛
using MLP layer as FFN
╒═════════════════╤═══════════════╤══════════╕
│ Builded Model   │ #Parameters   │ Device   │
╞═════════════════╪═══════════════╪══════════╡
│ DINOV2          │ 0.02 M        │ cuda     │
╘═════════════════╧═══════════════╧══════════╛
Loading Checkpoint...
No Such file : /content/drive/MyDrive/checkpoint/DINOV2_MIT-67_best.pth


**************************************************
Training Phase
**************************************************
Epoch: 1 ---> Train , Loss = 2.9976, Accuracy = 23.03 , lr = 0.009095325760829623
Epoch: 2 ---> Train , Loss = 0.7218, Accuracy = 83.03 , lr = 0.008180521460508584
Epoch: 3 ---> Train , Loss = 0.3690, Accuracy = 91.97 , lr = 0.0072541784693722
Epoch: 4 ---> Train , Loss = 0.2518, Accuracy = 94.34 , lr = 0.0063144586748935545
Epoch: 5 ---> Train , Loss = 0.1965, Accuracy = 95.26 , lr = 0.005358867312681467
Epoch: 6 ---> Train , Loss = 0.1896, Accuracy = 96.05 , lr = 0.004383832905540872
Epoch: 7 ---> Train , Loss = 0.1614, Accuracy = 95.39 , lr = 0.0033838346190165
Epoch: 8 ---> Train , Loss = 0.1826, Accuracy = 96.45 , lr = 0.0023492378861760385
Epoch: 9 ---> Train , Loss = 0.1856, Accuracy = 95.66 , lr = 0.0012589254117941677
Epoch: 10 ---> Train , Loss = 0.1630, Accuracy = 96.58 , lr = 0.0
**************************************************
Best Acc Over Validation Set: 96.58
Best Epoch: 10
**************************************************
Inference Phase
**************************************************
Final Test ---> Loss = 0.4152 , Macro Accuracy = 89.69
Per-class accuracies:
**************************************************


Logging Directory: ./logs/logging
╒══════════════════╤═══════════════╕
│ Hyperparameter   │ Value         │
╞══════════════════╪═══════════════╡
│ Learning Rate    │ 0.01          │
├──────────────────┼───────────────┤
│ Num Classes      │ 40            │
├──────────────────┼───────────────┤
│ Device           │ cuda          │
├──────────────────┼───────────────┤
│ Batch Size       │ 64            │
├──────────────────┼───────────────┤
│ POLY_LR          │ True          │
├──────────────────┼───────────────┤
│ Num Epochs       │ 10            │
├──────────────────┼───────────────┤
│ Num Workers      │ 4             │
├──────────────────┼───────────────┤
│ Image Height     │ 224           │
├──────────────────┼───────────────┤
│ Image Width      │ 224           │
├──────────────────┼───────────────┤
│ Pin Memory       │ True          │
├──────────────────┼───────────────┤
│ Load Model       │ True          │
├──────────────────┼───────────────┤
│ Save Model       │ True          │
├──────────────────┼───────────────┤
│ Download Dataset │ False         │
├──────────────────┼───────────────┤
│ Model Name       │ DINOV2        │
├──────────────────┼───────────────┤
│ Seed             │ 42            │
├──────────────────┼───────────────┤
│ Task Name        │ MIT-67        │
├──────────────────┼───────────────┤
│ GPU              │ Tesla T4      │
├──────────────────┼───────────────┤
│ Torch            │ 2.10.0+cu128  │
├──────────────────┼───────────────┤
│ Torchvision      │ 0.25.0+cu128  │
├──────────────────┼───────────────┤
│ Checkpoint Name  │ DINOV2_MIT-67 │
╘══════════════════╧═══════════════╛
using MLP layer as FFN
╒═════════════════╤═══════════════╤══════════╕
│ Builded Model   │ #Parameters   │ Device   │
╞═════════════════╪═══════════════╪══════════╡
│ DINOV2          │ 0.02 M        │ cuda     │
╘═════════════════╧═══════════════╧══════════╛
Loading Checkpoint...
No Such file : /content/drive/MyDrive/checkpoint/DINOV2_MIT-67_best.pth


**************************************************
Training Phase
**************************************************
Epoch: 1 ---> Train , Loss = 3.8572, Accuracy = 7.89 , lr = 0.009095325760829623
Epoch: 2 ---> Train , Loss = 2.0787, Accuracy = 43.95 , lr = 0.008180521460508586
Epoch: 3 ---> Train , Loss = 0.9309, Accuracy = 81.32 , lr = 0.007254178469372201
Epoch: 4 ---> Train , Loss = 0.4847, Accuracy = 90.26 , lr = 0.0063144586748935545
Epoch: 5 ---> Train , Loss = 0.3383, Accuracy = 93.42 , lr = 0.005358867312681467
Epoch: 6 ---> Train , Loss = 0.2708, Accuracy = 94.47 , lr = 0.004383832905540871
Epoch: 7 ---> Train , Loss = 0.2721, Accuracy = 93.95 , lr = 0.0033838346190165004
Epoch: 8 ---> Train , Loss = 0.2438, Accuracy = 95.53 , lr = 0.002349237886176039
Epoch: 9 ---> Train , Loss = 0.2492, Accuracy = 95.26 , lr = 0.0012589254117941677
Epoch: 10 ---> Train , Loss = 0.2104, Accuracy = 96.32 , lr = 0.0
**************************************************
Best Acc Over Validation Set: 96.32
Best Epoch: 10
**************************************************
Inference Phase
**************************************************
Final Test ---> Loss = 0.5330 , Macro Accuracy = 88.06
Per-class accuracies:
**************************************************


Logging Directory: ./logs/logging
╒══════════════════╤═══════════════╕
│ Hyperparameter   │ Value         │
╞══════════════════╪═══════════════╡
│ Learning Rate    │ 0.01          │
├──────────────────┼───────────────┤
│ Num Classes      │ 40            │
├──────────────────┼───────────────┤
│ Device           │ cuda          │
├──────────────────┼───────────────┤
│ Batch Size       │ 64            │
├──────────────────┼───────────────┤
│ POLY_LR          │ True          │
├──────────────────┼───────────────┤
│ Num Epochs       │ 10            │
├──────────────────┼───────────────┤
│ Num Workers      │ 4             │
├──────────────────┼───────────────┤
│ Image Height     │ 224           │
├──────────────────┼───────────────┤
│ Image Width      │ 224           │
├──────────────────┼───────────────┤
│ Pin Memory       │ True          │
├──────────────────┼───────────────┤
│ Load Model       │ True          │
├──────────────────┼───────────────┤
│ Save Model       │ True          │
├──────────────────┼───────────────┤
│ Download Dataset │ False         │
├──────────────────┼───────────────┤
│ Model Name       │ DINOV2        │
├──────────────────┼───────────────┤
│ Seed             │ 42            │
├──────────────────┼───────────────┤
│ Task Name        │ MIT-67        │
├──────────────────┼───────────────┤
│ GPU              │ Tesla T4      │
├──────────────────┼───────────────┤
│ Torch            │ 2.10.0+cu128  │
├──────────────────┼───────────────┤
│ Torchvision      │ 0.25.0+cu128  │
├──────────────────┼───────────────┤
│ Checkpoint Name  │ DINOV2_MIT-67 │
╘══════════════════╧═══════════════╛
using MLP layer as FFN
╒═════════════════╤═══════════════╤══════════╕
│ Builded Model   │ #Parameters   │ Device   │
╞═════════════════╪═══════════════╪══════════╡
│ DINOV2          │ 0.02 M        │ cuda     │
╘═════════════════╧═══════════════╧══════════╛
Loading Checkpoint...
No Such file : /content/drive/MyDrive/checkpoint/DINOV2_MIT-67_best.pth


**************************************************
Training Phase
**************************************************
Epoch: 1 ---> Train , Loss = 4.1808, Accuracy = 4.21 , lr = 0.009095325760829621
Epoch: 2 ---> Train , Loss = 3.4092, Accuracy = 13.68 , lr = 0.008180521460508584
Epoch: 3 ---> Train , Loss = 2.5507, Accuracy = 36.32 , lr = 0.0072541784693722
Epoch: 4 ---> Train , Loss = 1.6959, Accuracy = 63.16 , lr = 0.0063144586748935545
Epoch: 5 ---> Train , Loss = 1.2007, Accuracy = 77.37 , lr = 0.005358867312681467
Epoch: 6 ---> Train , Loss = 0.8843, Accuracy = 84.21 , lr = 0.004383832905540871
Epoch: 7 ---> Train , Loss = 0.7004, Accuracy = 87.37 , lr = 0.0033838346190165004
Epoch: 8 ---> Train , Loss = 0.5455, Accuracy = 92.11 , lr = 0.002349237886176039
Epoch: 9 ---> Train , Loss = 0.5391, Accuracy = 92.11 , lr = 0.0012589254117941677
Epoch: 10 ---> Train , Loss = 0.5100, Accuracy = 91.58 , lr = 0.0
**************************************************
Best Acc Over Validation Set: 92.11
Best Epoch: 8
**************************************************
Inference Phase
**************************************************
Final Test ---> Loss = 0.9711 , Macro Accuracy = 83.39
Per-class accuracies:
**************************************************


Logging Directory: ./logs/logging
╒══════════════════╤═══════════════╕
│ Hyperparameter   │ Value         │
╞══════════════════╪═══════════════╡
│ Learning Rate    │ 0.01          │
├──────────────────┼───────────────┤
│ Num Classes      │ 40            │
├──────────────────┼───────────────┤
│ Device           │ cuda          │
├──────────────────┼───────────────┤
│ Batch Size       │ 64            │
├──────────────────┼───────────────┤
│ POLY_LR          │ True          │
├──────────────────┼───────────────┤
│ Num Epochs       │ 10            │
├──────────────────┼───────────────┤
│ Num Workers      │ 4             │
├──────────────────┼───────────────┤
│ Image Height     │ 224           │
├──────────────────┼───────────────┤
│ Image Width      │ 224           │
├──────────────────┼───────────────┤
│ Pin Memory       │ True          │
├──────────────────┼───────────────┤
│ Load Model       │ True          │
├──────────────────┼───────────────┤
│ Save Model       │ True          │
├──────────────────┼───────────────┤
│ Download Dataset │ False         │
├──────────────────┼───────────────┤
│ Model Name       │ DINOV2        │
├──────────────────┼───────────────┤
│ Seed             │ 42            │
├──────────────────┼───────────────┤
│ Task Name        │ MIT-67        │
├──────────────────┼───────────────┤
│ GPU              │ Tesla T4      │
├──────────────────┼───────────────┤
│ Torch            │ 2.10.0+cu128  │
├──────────────────┼───────────────┤
│ Torchvision      │ 0.25.0+cu128  │
├──────────────────┼───────────────┤
│ Checkpoint Name  │ DINOV2_MIT-67 │
╘══════════════════╧═══════════════╛
using MLP layer as FFN
╒═════════════════╤═══════════════╤══════════╕
│ Builded Model   │ #Parameters   │ Device   │
╞═════════════════╪═══════════════╪══════════╡
│ DINOV2          │ 0.02 M        │ cuda     │
╘═════════════════╧═══════════════╧══════════╛
Loading Checkpoint...
No Such file : /content/drive/MyDrive/checkpoint/DINOV2_MIT-67_best.pth


**************************************************
Training Phase
**************************************************
Epoch: 1 ---> Train , Loss = 4.1715, Accuracy = 4.74 , lr = 0.009095325760829621
Epoch: 2 ---> Train , Loss = 3.4026, Accuracy = 10.53 , lr = 0.008180521460508584
Epoch: 3 ---> Train , Loss = 2.8261, Accuracy = 23.16 , lr = 0.0072541784693722
Epoch: 4 ---> Train , Loss = 2.0701, Accuracy = 42.11 , lr = 0.0063144586748935545
Epoch: 5 ---> Train , Loss = 1.5963, Accuracy = 65.79 , lr = 0.005358867312681467
Epoch: 6 ---> Train , Loss = 1.3835, Accuracy = 64.21 , lr = 0.004383832905540871
Epoch: 7 ---> Train , Loss = 1.1261, Accuracy = 75.26 , lr = 0.0033838346190165004
Epoch: 8 ---> Train , Loss = 0.9208, Accuracy = 78.95 , lr = 0.002349237886176039
Epoch: 9 ---> Train , Loss = 0.8319, Accuracy = 82.11 , lr = 0.0012589254117941677
Epoch: 10 ---> Train , Loss = 0.8119, Accuracy = 82.63 , lr = 0.0
**************************************************
Best Acc Over Validation Set: 82.63
Best Epoch: 10
**************************************************
Inference Phase
**************************************************
Final Test ---> Loss = 0.9154 , Macro Accuracy = 82.88
Per-class accuracies:
**************************************************


Logging Directory: ./logs/logging
╒══════════════════╤═══════════════╕
│ Hyperparameter   │ Value         │
╞══════════════════╪═══════════════╡
│ Learning Rate    │ 0.01          │
├──────────────────┼───────────────┤
│ Num Classes      │ 40            │
├──────────────────┼───────────────┤
│ Device           │ cuda          │
├──────────────────┼───────────────┤
│ Batch Size       │ 64            │
├──────────────────┼───────────────┤
│ POLY_LR          │ True          │
├──────────────────┼───────────────┤
│ Num Epochs       │ 10            │
├──────────────────┼───────────────┤
│ Num Workers      │ 4             │
├──────────────────┼───────────────┤
│ Image Height     │ 224           │
├──────────────────┼───────────────┤
│ Image Width      │ 224           │
├──────────────────┼───────────────┤
│ Pin Memory       │ True          │
├──────────────────┼───────────────┤
│ Load Model       │ True          │
├──────────────────┼───────────────┤
│ Save Model       │ True          │
├──────────────────┼───────────────┤
│ Download Dataset │ False         │
├──────────────────┼───────────────┤
│ Model Name       │ DINOV2        │
├──────────────────┼───────────────┤
│ Seed             │ 42            │
├──────────────────┼───────────────┤
│ Task Name        │ MIT-67        │
├──────────────────┼───────────────┤
│ GPU              │ Tesla T4      │
├──────────────────┼───────────────┤
│ Torch            │ 2.10.0+cu128  │
├──────────────────┼───────────────┤
│ Torchvision      │ 0.25.0+cu128  │
├──────────────────┼───────────────┤
│ Checkpoint Name  │ DINOV2_MIT-67 │
╘══════════════════╧═══════════════╛
using MLP layer as FFN
╒═════════════════╤═══════════════╤══════════╕
│ Builded Model   │ #Parameters   │ Device   │
╞═════════════════╪═══════════════╪══════════╡
│ DINOV2          │ 0.02 M        │ cuda     │
╘═════════════════╧═══════════════╧══════════╛
Loading Checkpoint...


**************************************************
Training Phase
**************************************************
Epoch: 1 ---> Train , Loss = 1.0699, Accuracy = 74.47 , lr = 0.009095325760829623
Epoch: 2 ---> Train , Loss = 1.0565, Accuracy = 71.84 , lr = 0.008180521460508586
Epoch: 3 ---> Train , Loss = 0.7998, Accuracy = 82.11 , lr = 0.007254178469372201
Epoch: 4 ---> Train , Loss = 0.7950, Accuracy = 79.47 , lr = 0.0063144586748935545
Epoch: 5 ---> Train , Loss = 0.5717, Accuracy = 87.63 , lr = 0.005358867312681467
Epoch: 6 ---> Train , Loss = 0.5155, Accuracy = 88.16 , lr = 0.004383832905540871
Epoch: 7 ---> Train , Loss = 0.5131, Accuracy = 86.84 , lr = 0.0033838346190165004
Epoch: 8 ---> Train , Loss = 0.5399, Accuracy = 85.53 , lr = 0.002349237886176039
Epoch: 9 ---> Train , Loss = 0.5181, Accuracy = 87.89 , lr = 0.0012589254117941677
Epoch: 10 ---> Train , Loss = 0.4926, Accuracy = 88.16 , lr = 0.0
**************************************************
Best Acc Over Validation Set: 88.16
Best Epoch: 6
**************************************************
Inference Phase
**************************************************
Final Test ---> Loss = 0.4739 , Macro Accuracy = 90.22
Per-class accuracies:
**************************************************


Logging Directory: ./logs/logging
╒══════════════════╤═══════════════╕
│ Hyperparameter   │ Value         │
╞══════════════════╪═══════════════╡
│ Learning Rate    │ 0.01          │
├──────────────────┼───────────────┤
│ Num Classes      │ 40            │
├──────────────────┼───────────────┤
│ Device           │ cuda          │
├──────────────────┼───────────────┤
│ Batch Size       │ 64            │
├──────────────────┼───────────────┤
│ POLY_LR          │ True          │
├──────────────────┼───────────────┤
│ Num Epochs       │ 10            │
├──────────────────┼───────────────┤
│ Num Workers      │ 4             │
├──────────────────┼───────────────┤
│ Image Height     │ 224           │
├──────────────────┼───────────────┤
│ Image Width      │ 224           │
├──────────────────┼───────────────┤
│ Pin Memory       │ True          │
├──────────────────┼───────────────┤
│ Load Model       │ True          │
├──────────────────┼───────────────┤
│ Save Model       │ True          │
├──────────────────┼───────────────┤
│ Download Dataset │ False         │
├──────────────────┼───────────────┤
│ Model Name       │ DINOV2        │
├──────────────────┼───────────────┤
│ Seed             │ 42            │
├──────────────────┼───────────────┤
│ Task Name        │ MIT-67        │
├──────────────────┼───────────────┤
│ GPU              │ Tesla T4      │
├──────────────────┼───────────────┤
│ Torch            │ 2.10.0+cu128  │
├──────────────────┼───────────────┤
│ Torchvision      │ 0.25.0+cu128  │
├──────────────────┼───────────────┤
│ Checkpoint Name  │ DINOV2_MIT-67 │
╘══════════════════╧═══════════════╛
using MLP layer as FFN
╒═════════════════╤═══════════════╤══════════╕
│ Builded Model   │ #Parameters   │ Device   │
╞═════════════════╪═══════════════╪══════════╡
│ DINOV2          │ 0.02 M        │ cuda     │
╘═════════════════╧═══════════════╧══════════╛
Loading Checkpoint...
No Such file : /content/drive/MyDrive/checkpoint/DINOV2_MIT-67_best.pth


**************************************************
Training Phase
**************************************************
Epoch: 1 ---> Train , Loss = 3.2478, Accuracy = 19.87 , lr = 0.009095325760829623
Epoch: 2 ---> Train , Loss = 1.2178, Accuracy = 69.08 , lr = 0.008180521460508584
Epoch: 3 ---> Train , Loss = 0.7563, Accuracy = 79.61 , lr = 0.0072541784693722
Epoch: 4 ---> Train , Loss = 0.5362, Accuracy = 85.39 , lr = 0.0063144586748935545
Epoch: 5 ---> Train , Loss = 0.4924, Accuracy = 87.50 , lr = 0.005358867312681467
Epoch: 6 ---> Train , Loss = 0.4665, Accuracy = 87.63 , lr = 0.004383832905540872
Epoch: 7 ---> Train , Loss = 0.4213, Accuracy = 89.47 , lr = 0.0033838346190165
Epoch: 8 ---> Train , Loss = 0.4547, Accuracy = 87.11 , lr = 0.0023492378861760385
Epoch: 9 ---> Train , Loss = 0.4133, Accuracy = 88.68 , lr = 0.0012589254117941677
Epoch: 10 ---> Train , Loss = 0.3901, Accuracy = 89.47 , lr = 0.0
**************************************************
Best Acc Over Validation Set: 89.47
Best Epoch: 7
**************************************************
Inference Phase
**************************************************
Final Test ---> Loss = 0.2963 , Macro Accuracy = 92.95
Per-class accuracies:
**************************************************


Logging Directory: ./logs/logging
Logging Directory: ./logs/logging
╒══════════════════╤═══════════════╕
│ Hyperparameter   │ Value         │
╞══════════════════╪═══════════════╡
│ Learning Rate    │ 0.01          │
├──────────────────┼───────────────┤
│ Num Classes      │ 40            │
├──────────────────┼───────────────┤
│ Device           │ cuda          │
├──────────────────┼───────────────┤
│ Batch Size       │ 64            │
├──────────────────┼───────────────┤
│ POLY_LR          │ True          │
├──────────────────┼───────────────┤
│ Num Epochs       │ 10            │
├──────────────────┼───────────────┤
│ Num Workers      │ 4             │
├──────────────────┼───────────────┤
│ Image Height     │ 224           │
├──────────────────┼───────────────┤
│ Image Width      │ 224           │
├──────────────────┼───────────────┤
│ Pin Memory       │ True          │
├──────────────────┼───────────────┤
│ Load Model       │ True          │
├──────────────────┼───────────────┤
│ Save Model       │ True          │
├──────────────────┼───────────────┤
│ Download Dataset │ False         │
├──────────────────┼───────────────┤
│ Model Name       │ DINOV2        │
├──────────────────┼───────────────┤
│ Seed             │ 42            │
├──────────────────┼───────────────┤
│ Task Name        │ MIT-67        │
├──────────────────┼───────────────┤
│ GPU              │ Tesla T4      │
├──────────────────┼───────────────┤
│ Torch            │ 2.10.0+cu128  │
├──────────────────┼───────────────┤
│ Torchvision      │ 0.25.0+cu128  │
├──────────────────┼───────────────┤
│ Checkpoint Name  │ DINOV2_MIT-67 │
╘══════════════════╧═══════════════╛
using MLP layer as FFN
╒═════════════════╤═══════════════╤══════════╕
│ Builded Model   │ #Parameters   │ Device   │
╞═════════════════╪═══════════════╪══════════╡
│ DINOV2          │ 0.02 M        │ cuda     │
╘═════════════════╧═══════════════╧══════════╛
Loading Checkpoint...
No Such file : /content/drive/MyDrive/checkpoint/DINOV2_MIT-67_best.pth


**************************************************
Training Phase
**************************************************
Epoch: 1 ---> Train , Loss = 1.5675, Accuracy = 58.92 , lr = 0.009095325760829626
Epoch: 2 ---> Train , Loss = 0.5688, Accuracy = 83.09 , lr = 0.008180521460508591
Epoch: 3 ---> Train , Loss = 0.4566, Accuracy = 86.30 , lr = 0.007254178469372202
Epoch: 4 ---> Train , Loss = 0.4412, Accuracy = 87.03 , lr = 0.006314458674893554
Epoch: 5 ---> Train , Loss = 0.4398, Accuracy = 87.36 , lr = 0.0053588673126814665
Epoch: 6 ---> Train , Loss = 0.4337, Accuracy = 88.16 , lr = 0.004383832905540867
Epoch: 7 ---> Train , Loss = 0.4003, Accuracy = 87.99 , lr = 0.003383834619016495
Epoch: 8 ---> Train , Loss = 0.3960, Accuracy = 88.86 , lr = 0.002349237886176036
Epoch: 9 ---> Train , Loss = 0.3550, Accuracy = 89.28 , lr = 0.0012589254117941668
Epoch: 10 ---> Train , Loss = 0.3684, Accuracy = 88.92 , lr = 0.0
**************************************************
Best Acc Over Validation Set: 89.28
Best Epoch: 9
**************************************************
Inference Phase
**************************************************
Final Test ---> Loss = 0.1708 , Macro Accuracy = 95.50
Per-class accuracies:
**************************************************


Logging Directory: ./logs/logging
╒══════════════════╤═══════════════╕
│ Hyperparameter   │ Value         │
╞══════════════════╪═══════════════╡
│ Learning Rate    │ 0.01          │
├──────────────────┼───────────────┤
│ Num Classes      │ 40            │
├──────────────────┼───────────────┤
│ Device           │ cuda          │
├──────────────────┼───────────────┤
│ Batch Size       │ 64            │
├──────────────────┼───────────────┤
│ POLY_LR          │ True          │
├──────────────────┼───────────────┤
│ Num Epochs       │ 10            │
├──────────────────┼───────────────┤
│ Num Workers      │ 4             │
├──────────────────┼───────────────┤
│ Image Height     │ 224           │
├──────────────────┼───────────────┤
│ Image Width      │ 224           │
├──────────────────┼───────────────┤
│ Pin Memory       │ True          │
├──────────────────┼───────────────┤
│ Load Model       │ True          │
├──────────────────┼───────────────┤
│ Save Model       │ True          │
├──────────────────┼───────────────┤
│ Download Dataset │ False         │
├──────────────────┼───────────────┤
│ Model Name       │ DINOV2        │
├──────────────────┼───────────────┤
│ Seed             │ 42            │
├──────────────────┼───────────────┤
│ Task Name        │ MIT-67        │
├──────────────────┼───────────────┤
│ GPU              │ Tesla T4      │
├──────────────────┼───────────────┤
│ Torch            │ 2.10.0+cu128  │
├──────────────────┼───────────────┤
│ Torchvision      │ 0.25.0+cu128  │
├──────────────────┼───────────────┤
│ Checkpoint Name  │ DINOV2_MIT-67 │
╘══════════════════╧═══════════════╛
using MLP layer as FFN
╒═════════════════╤═══════════════╤══════════╕
│ Builded Model   │ #Parameters   │ Device   │
╞═════════════════╪═══════════════╪══════════╡
│ DINOV2          │ 0.02 M        │ cuda     │
╘═════════════════╧═══════════════╧══════════╛
Loading Checkpoint...
No Such file : /content/drive/MyDrive/checkpoint/DINOV2_MIT-67_best.pth


**************************************************
Training Phase
**************************************************
Epoch: 1 ---> Train , Loss = 0.5417, Accuracy = 85.57 , lr = 0.009095325760829632
Epoch: 2 ---> Train , Loss = 0.2361, Accuracy = 93.52 , lr = 0.008180521460508607
Epoch: 3 ---> Train , Loss = 0.2235, Accuracy = 93.60 , lr = 0.007254178469372226
Epoch: 4 ---> Train , Loss = 0.1974, Accuracy = 94.42 , lr = 0.006314458674893573
Epoch: 5 ---> Train , Loss = 0.1896, Accuracy = 94.49 , lr = 0.005358867312681477
Epoch: 6 ---> Train , Loss = 0.1826, Accuracy = 94.58 , lr = 0.004383832905540876
Epoch: 7 ---> Train , Loss = 0.1830, Accuracy = 94.59 , lr = 0.0033838346190165017
Epoch: 8 ---> Train , Loss = 0.1751, Accuracy = 94.72 , lr = 0.002349237886176039
Epoch: 9 ---> Train , Loss = 0.1744, Accuracy = 94.88 , lr = 0.0012589254117941677
Epoch: 10 ---> Train , Loss = 0.1691, Accuracy = 95.01 , lr = 0.0
**************************************************
Best Acc Over Validation Set: 95.01
Best Epoch: 10
**************************************************
Inference Phase
**************************************************
Final Test ---> Loss = 0.1686 , Macro Accuracy = 95.38
Per-class accuracies:
**************************************************


